rs_id	gene_eQTL	beta_eQTL	t-stat_eQTL	p-value_eQTL	FDR_eQTL
rs9274551	LY6G6D	6.88423286604521e-05	2.02019822542107	0.0436671078698578	1.0
rs9274551	HLA-DRB5	0.218826445461449	3.44290691543254	0.0006027980087225	0.497723910959783
rs9274551	HLA-DRB1	-0.154349246733811	-5.06975879490421	4.86212295042606e-07	0.0021167407434219
rs9274551	HLA-DQA1	-0.0815541281298552	-2.28469407554952	0.0225693843789284	1.0
rs9274551	HLA-DQB1	-0.412090266546379	-11.7870652642857	7.218747368694409e-30	4.69336247760338e-25
rs9274551	HLA-DQA2	0.950507815072853	10.3682016848521	7.77030399603661e-24	3.12244279239997e-19
rs9274551	HLA-DQB2	0.108028301857891	9.5890362703253	8.94310748606112e-21	2.85846675721906e-16
rs732162	AIF1	-0.0414206618741906	-2.18906152222583	0.0288559392703524	1.0
rs732162	HLA-DRB5	-0.34875561622593	-5.60794271638922	2.74564629305994e-08	0.0001706381068528
rs732162	HLA-DRB1	0.146428363465434	4.85632557196416	1.4163031962693e-06	0.0051689683720849
rs732162	HLA-DQA1	0.251927884911638	7.32846740718563	5.29313288519967e-13	7.421222354984511e-09
rs732162	HLA-DQB1	0.103484520178813	2.79206114878051	0.0053515026742353	1.0
rs732162	HLA-DQA2	-0.382025968716378	-4.01187728152315	6.53884322557988e-05	0.111216643655392
rs9274557	HLA-DRB5	0.195044832110435	3.101936144601	0.0019842743022099	1.0
rs9274557	HLA-DRB1	-0.141135899753369	-4.68194863913514	3.29225375114507e-06	0.0103319230267127
rs9274557	HLA-DQA1	-0.119216392537625	-3.39221723633976	0.0007243880441273	0.559705559561242
rs9274557	HLA-DQB1	-0.415033769420971	-12.0521969427457	4.6723524650193805e-31	3.47913499223205e-26
rs9274557	HLA-DQA2	0.865487041822398	9.4676927517631	2.57817613801708e-20	7.641408301567039e-16
rs9274557	HLA-DQB2	0.111792269388223	10.0946893247981	9.68403912662453e-23	3.50859154884899e-18
rs9274555	HLA-DRB5	0.195044832110435	3.101936144601	0.0019842743022099	1.0
rs9274555	HLA-DRB1	-0.141135899753369	-4.68194863913514	3.29225375114507e-06	0.0103319230267127
rs9274555	HLA-DQA1	-0.119216392537625	-3.39221723633976	0.0007243880441273	0.559705559561242
rs9274555	HLA-DQB1	-0.415033769420971	-12.0521969427457	4.6723524650193805e-31	3.47913499223205e-26
rs9274555	HLA-DQA2	0.865487041822398	9.4676927517631	2.57817613801708e-20	7.641408301567039e-16
rs9274555	HLA-DQB2	0.111792269388223	10.0946893247981	9.68403912662453e-23	3.50859154884899e-18
rs9274556	HLA-DRB5	0.195044832110435	3.101936144601	0.0019842743022099	1.0
rs9274556	HLA-DRB1	-0.141135899753369	-4.68194863913514	3.29225375114507e-06	0.0103319230267127
rs9274556	HLA-DQA1	-0.119216392537625	-3.39221723633976	0.0007243880441273	0.559705559561242
rs9274556	HLA-DQB1	-0.415033769420971	-12.0521969427457	4.6723524650193805e-31	3.47913499223205e-26
rs9274556	HLA-DQA2	0.865487041822398	9.4676927517631	2.57817613801708e-20	7.641408301567039e-16
rs9274556	HLA-DQB2	0.111792269388223	10.0946893247981	9.68403912662453e-23	3.50859154884899e-18
rs607929	LY6G6D	-9.99259352686796e-05	-3.03816706540634	0.0024509261513882	1.0
rs607929	HLA-DRB5	-0.546483687594212	-9.24356212928852	1.7716990727272e-19	4.8357272592987404e-15
rs607929	HLA-DRB1	0.133674231542313	4.52260004387004	6.949886888248e-06	0.0189450343383685
rs607929	HLA-DQA1	0.110322325473772	3.20191814536973	0.0014144455747715	0.837633964039716
rs607929	HLA-DQB1	0.190420518370151	5.31057175717342	1.38663220169557e-07	0.0007215721528436
rs607929	HLA-DQA2	-1.09895202309816	-12.7216344053929	3.85590456749271e-34	3.3066446574831e-29
rs607929	HLA-DQB2	-0.038124383161276	-3.34681129751088	0.0008523132797896	0.61839673823236
rs9274596	LY6G6D	6.93176326102212e-05	2.2648191570335	0.0237676351792672	1.0
rs9274596	HLA-DRB5	0.135501809793873	2.36386984216772	0.0183027883264001	1.0
rs9274596	HLA-DRB1	-0.0981505178309518	-3.56128059762422	0.0003889593905361	0.368599292880464
rs9274596	HLA-DQA1	-0.0894697375032473	-2.79310211185158	0.0053344653605091	1.0
rs9274596	HLA-DQB1	-0.329520629871005	-10.3186538791681	1.23190934510885e-23	4.91876836275526e-19
rs9274596	HLA-DQA2	0.677009009617871	8.03589936414314	2.9967431617914503e-15	5.8136228646315794e-11
rs9274596	HLA-DQB2	0.0765228632600499	7.41219650548596	2.93016672602932e-13	4.24261677000099e-09
rs9275529	LY6G6D	-8.79703432434561e-05	-2.53995841353207	0.0112584978273266	1.0
rs9275529	HLA-DRB5	-0.142109027930261	-2.18815153073305	0.0289223700833054	1.0
rs9275529	HLA-DRB1	-0.0857134456053161	-2.73819935154483	0.0063031318516638	1.0
rs9274594	LY6G6D	6.90691555579039e-05	2.22431878156423	0.0263814659203877	1.0
rs9274594	HLA-DRB5	0.132387594207799	2.27611003525975	0.0230803039092801	1.0
rs9274594	HLA-DRB1	-0.10005235781205	-3.57881698323491	0.0003641253779854	0.351288798381672
rs9274594	HLA-DQA1	-0.0947057284384791	-2.91559211566445	0.0036407692221153	1.0
rs9274594	HLA-DQB1	-0.338494180279136	-10.4647898361668	3.1490850974523002e-24	1.27714961168726e-19
rs9274594	HLA-DQA2	0.684640306063213	8.00884910894227	3.6792503369912e-15	7.09007824746755e-11
rs9274594	HLA-DQB2	0.0787156414548458	7.52262573440404	1.33166409011388e-13	2.02902761180164e-09
rs9273510	LY6G6D	9.27373927914453e-05	2.63372083342601	0.008594582817098	1.0
rs9273510	HSPA1B	-0.104520947543146	-2.14124710556885	0.0325297791795146	1.0
rs9273510	HLA-DRB5	0.346716888890042	5.31938947791068	1.3230916059357e-07	0.000690310506036
rs9273510	HLA-DRB1	-0.196572412924946	-6.28611645965357	5.1304612298013e-10	4.4439982662561e-06
rs9273510	HLA-DQA1	-0.0980382850429575	-2.65645688437377	0.0080404303514632	1.0
rs9273510	HLA-DQB1	-0.460374988034297	-12.8934069398668	5.979856020610761e-35	5.4878154963586996e-30
rs9273510	HLA-DQA2	1.02998131532932	10.9202154120378	4.0903016915062696e-26	1.85645836565948e-21
rs9273510	HLA-DQB2	0.077828550009536	6.50121132018105	1.33733372368334e-10	1.2882673785782e-06
rs9273509	LY6G6D	9.27373927914453e-05	2.63372083342601	0.008594582817098	1.0
rs9273509	HSPA1B	-0.104520947543146	-2.14124710556885	0.0325297791795146	1.0
rs9273509	HLA-DRB5	0.346716888890042	5.31938947791068	1.3230916059357e-07	0.000690310506036
rs9273509	HLA-DRB1	-0.196572412924946	-6.28611645965357	5.1304612298013e-10	4.4439982662561e-06
rs9273509	HLA-DQA1	-0.0980382850429575	-2.65645688437377	0.0080404303514632	1.0
rs9273509	HLA-DQB1	-0.460374988034297	-12.8934069398668	5.979856020610761e-35	5.4878154963586996e-30
rs9273509	HLA-DQA2	1.02998131532932	10.9202154120378	4.0903016915062696e-26	1.85645836565948e-21
rs9273509	HLA-DQB2	0.077828550009536	6.50121132018105	1.33733372368334e-10	1.2882673785782e-06
rs9260415	GABBR1	0.0148328645396505	2.30311624981407	0.0215060400716459	1.0
rs9260415	HLA-G	-0.0067486693953146	-2.21713269337599	0.0268703546135725	1.0
rs9260415	HLA-A	0.230110226432035	8.23780885873299	6.36245451591354e-16	1.3157575906027e-11
rs796429679	HLA-DRB5	0.195044832110435	3.101936144601	0.0019842743022099	1.0
rs796429679	HLA-DRB1	-0.141135899753369	-4.68194863913514	3.29225375114507e-06	0.0103319230267127
rs796429679	HLA-DQA1	-0.119216392537625	-3.39221723633976	0.0007243880441273	0.559705559561242
rs796429679	HLA-DQB1	-0.415033769420971	-12.0521969427457	4.6723524650193805e-31	3.47913499223205e-26
rs796429679	HLA-DQA2	0.865487041822398	9.4676927517631	2.57817613801708e-20	7.641408301567039e-16
rs796429679	HLA-DQB2	0.111792269388223	10.0946893247981	9.68403912662453e-23	3.50859154884899e-18
rs9260417	GABBR1	0.0148328645396505	2.30311624981407	0.0215060400716459	1.0
rs9260417	HLA-G	-0.0067486693953146	-2.21713269337599	0.0268703546135725	1.0
rs9260417	HLA-A	0.230110226432035	8.23780885873299	6.36245451591354e-16	1.3157575906027e-11
rs28366264	LY6G6D	0.0001308109869233	2.69745738332973	0.0071215521579195	1.0
rs28366264	HLA-DRB5	0.671370003308218	7.59845064652609	7.70447467960578e-14	1.2536861527092302e-09
rs28366264	HLA-DRB1	-0.235533772134046	-5.43815222327597	6.98764888652791e-08	0.0003923701531564
rs28366264	HLA-DQA1	-0.108794371207291	-2.1370345062871	0.0328718961939444	1.0
rs28366264	HLA-DQB1	-0.249624726208259	-4.71111109431023	2.86447810218137e-06	0.0092542211917749
rs28366264	HLA-DQA2	0.957609647256754	7.11147268297213	2.38626274608586e-12	3.10660688002619e-08
rs28366264	HLA-DPA1	-0.0652820415084136	-1.97512521812014	0.0485678825945722	1.0
rs9272323	LY6G6D	0.0001408341203819	3.84476334631325	0.0001294094656982	0.175900321019157
rs9272323	HLA-DRB5	0.528087414096214	7.89881049115385	8.426810590675711e-15	1.53830932360782e-10
rs9272323	HLA-DRB1	-0.242120324729193	-7.47598745042689	1.86023278298682e-13	2.75070813801663e-09
rs9272323	HLA-DQA1	-0.270037401977508	-7.17679595318091	1.52266006291447e-12	2.01098451058059e-08
rs9272323	HLA-DQB1	-0.313983055420793	-7.99117412064012	4.205807538769121e-15	8.042362815037349e-11
rs9272323	HLA-DQA2	1.65952371108391	18.6838852115333	8.17671277603416e-66	4.6533976645840305e-60
rs9272323	HLA-DQB2	0.0802716671680896	6.41315777037249	2.32989659035418e-10	2.12749254078572e-06
rs1130430	HLA-DRB5	0.195044832110435	3.101936144601	0.0019842743022099	1.0
rs1130430	HLA-DRB1	-0.141135899753369	-4.68194863913514	3.29225375114507e-06	0.0103319230267127
rs1130430	HLA-DQA1	-0.119216392537625	-3.39221723633976	0.0007243880441273	0.559705559561242
rs1130430	HLA-DQB1	-0.415033769420971	-12.0521969427457	4.6723524650193805e-31	3.47913499223205e-26
rs1130430	HLA-DQA2	0.865487041822398	9.4676927517631	2.57817613801708e-20	7.641408301567039e-16
rs1130430	HLA-DQB2	0.111792269388223	10.0946893247981	9.68403912662453e-23	3.50859154884899e-18
rs9274537	HLA-DRB5	0.19530297087397	3.1046794446027	0.0019661651765861	1.0
rs9274537	HLA-DRB1	-0.141531291420787	-4.69323793653548	3.11983699068487e-06	0.0098932147515017
rs9274537	HLA-DQA1	-0.119657658933886	-3.40339311573097	0.0006957668792539	0.544134047614068
rs9274537	HLA-DQB1	-0.415452518732522	-12.060072748136	4.30460510231615e-31	3.3174516511997496e-26
rs9274537	HLA-DQA2	0.868445893396121	9.49869653150969	1.9690941180127e-20	6.19437521627163e-16
rs9274537	HLA-DQB2	0.111829107908304	10.0933508761013	9.80307953189837e-23	3.54585733244527e-18
rs9274536	HLA-DRB5	0.19530297087397	3.1046794446027	0.0019661651765861	1.0
rs9274536	HLA-DRB1	-0.141531291420787	-4.69323793653548	3.11983699068487e-06	0.0098932147515017
rs9274536	HLA-DQA1	-0.119657658933886	-3.40339311573097	0.0006957668792539	0.544134047614068
rs9274536	HLA-DQB1	-0.415452518732522	-12.060072748136	4.30460510231615e-31	3.3174516511997496e-26
rs9274536	HLA-DQA2	0.868445893396121	9.49869653150969	1.9690941180127e-20	6.19437521627163e-16
rs9274536	HLA-DQB2	0.111829107908304	10.0933508761013	9.80307953189837e-23	3.54585733244527e-18
rs9275580	LY6G6D	-8.79703432434561e-05	-2.53995841353207	0.0112584978273266	1.0
rs9275580	HLA-DRB5	-0.142109027930261	-2.18815153073305	0.0289223700833054	1.0
rs9275580	HLA-DRB1	-0.0857134456053161	-2.73819935154483	0.0063031318516638	1.0
rs3020625	HLA-DRB5	0.195044832110435	3.101936144601	0.0019842743022099	1.0
rs3020625	HLA-DRB1	-0.141135899753369	-4.68194863913514	3.29225375114507e-06	0.0103319230267127
rs3020625	HLA-DQA1	-0.119216392537625	-3.39221723633976	0.0007243880441273	0.559705559561242
rs3020625	HLA-DQB1	-0.415033769420971	-12.0521969427457	4.6723524650193805e-31	3.47913499223205e-26
rs3020625	HLA-DQA2	0.865487041822398	9.4676927517631	2.57817613801708e-20	7.641408301567039e-16
rs3020625	HLA-DQB2	0.111792269388223	10.0946893247981	9.68403912662453e-23	3.50859154884899e-18
rs2157333	AIF1	-0.0414206618741906	-2.18906152222583	0.0288559392703524	1.0
rs2157333	HLA-DRB5	-0.34875561622593	-5.60794271638922	2.74564629305994e-08	0.0001706381068528
rs2157333	HLA-DRB1	0.146428363465434	4.85632557196416	1.4163031962693e-06	0.0051689683720849
rs2157333	HLA-DQA1	0.251927884911638	7.32846740718563	5.29313288519967e-13	7.421222354984511e-09
rs2157333	HLA-DQB1	0.103484520178813	2.79206114878051	0.0053515026742353	1.0
rs2157333	HLA-DQA2	-0.382025968716378	-4.01187728152315	6.53884322557988e-05	0.111216643655392
rs281864453	HLA-DRB5	0.195044832110435	3.101936144601	0.0019842743022099	1.0
rs281864453	HLA-DRB1	-0.141135899753369	-4.68194863913514	3.29225375114507e-06	0.0103319230267127
rs281864453	HLA-DQA1	-0.119216392537625	-3.39221723633976	0.0007243880441273	0.559705559561242
rs281864453	HLA-DQB1	-0.415033769420971	-12.0521969427457	4.6723524650193805e-31	3.47913499223205e-26
rs281864453	HLA-DQA2	0.865487041822398	9.4676927517631	2.57817613801708e-20	7.641408301567039e-16
rs281864453	HLA-DQB2	0.111792269388223	10.0946893247981	9.68403912662453e-23	3.50859154884899e-18
rs3828806	HLA-DRB5	0.195044832110435	3.101936144601	0.0019842743022099	1.0
rs3828806	HLA-DRB1	-0.141135899753369	-4.68194863913514	3.29225375114507e-06	0.0103319230267127
rs3828806	HLA-DQA1	-0.119216392537625	-3.39221723633976	0.0007243880441273	0.559705559561242
rs3828806	HLA-DQB1	-0.415033769420971	-12.0521969427457	4.6723524650193805e-31	3.47913499223205e-26
rs3828806	HLA-DQA2	0.865487041822398	9.4676927517631	2.57817613801708e-20	7.641408301567039e-16
rs3828806	HLA-DQB2	0.111792269388223	10.0946893247981	9.68403912662453e-23	3.50859154884899e-18
rs3828807	HLA-DRB5	0.195044832110435	3.101936144601	0.0019842743022099	1.0
rs3828807	HLA-DRB1	-0.141135899753369	-4.68194863913514	3.29225375114507e-06	0.0103319230267127
rs3828807	HLA-DQA1	-0.119216392537625	-3.39221723633976	0.0007243880441273	0.559705559561242
rs3828807	HLA-DQB1	-0.415033769420971	-12.0521969427457	4.6723524650193805e-31	3.47913499223205e-26
rs3828807	HLA-DQA2	0.865487041822398	9.4676927517631	2.57817613801708e-20	7.641408301567039e-16
rs3828807	HLA-DQB2	0.111792269388223	10.0946893247981	9.68403912662453e-23	3.50859154884899e-18
rs9275052	HLA-DRB5	0.219932511237191	3.1887746432092	0.0014795704455633	0.861194004858582
rs9275052	HLA-DRB1	-0.231587397117638	-7.11276844453141	2.3651720873745098e-12	3.0832715784922e-08
rs9275052	HLA-DQB1	-0.310672497398933	-7.87997128671795	9.702037587488841e-15	1.76302242647249e-10
rs9275052	HLA-DQA2	0.669094038632927	6.50504131895508	1.30523409476295e-10	1.25932389710004e-06
rs9275052	HLA-DQB2	0.0624703363862675	4.93277595622881	9.70173889895199e-07	0.0037503755449473
rs9275052	TAP2	0.0368010960624474	2.2065968832173	0.0276012924905777	1.0
rs9275052	RGL2	-0.0119263411972702	-2.00062298260972	0.0457415873722007	1.0
rs3828811	HLA-DRB5	0.195044832110435	3.101936144601	0.0019842743022099	1.0
rs3828811	HLA-DRB1	-0.141135899753369	-4.68194863913514	3.29225375114507e-06	0.0103319230267127
rs3828811	HLA-DQA1	-0.119216392537625	-3.39221723633976	0.0007243880441273	0.559705559561242
rs3828811	HLA-DQB1	-0.415033769420971	-12.0521969427457	4.6723524650193805e-31	3.47913499223205e-26
rs3828811	HLA-DQA2	0.865487041822398	9.4676927517631	2.57817613801708e-20	7.641408301567039e-16
rs3828811	HLA-DQB2	0.111792269388223	10.0946893247981	9.68403912662453e-23	3.50859154884899e-18
rs9275568	LY6G6D	-8.79703432434561e-05	-2.53995841353207	0.0112584978273266	1.0
rs9275568	HLA-DRB5	-0.142109027930261	-2.18815153073305	0.0289223700833054	1.0
rs9275568	HLA-DRB1	-0.0857134456053161	-2.73819935154483	0.0063031318516638	1.0
rs16896742	HLA-A	0.1174089368258	4.61444303665097	4.53060895932841e-06	0.0132053446435538
rs16896742	ZNRD1	0.0135304391434353	2.21577890395384	0.026963328479313	1.0
rs9275546	LY6G6D	-8.7852277497522e-05	-2.52680833082067	0.0116856698611353	1.0
rs9275546	HLA-DRB5	-0.145028920368927	-2.22482394241362	0.0263473899675651	1.0
rs9275546	HLA-DRB1	-0.0872330888491244	-2.77648077240335	0.0056124541901146	1.0
rs9275534	LY6G6D	-8.79703432434561e-05	-2.53995841353207	0.0112584978273266	1.0
rs9275534	HLA-DRB5	-0.142109027930261	-2.18815153073305	0.0289223700833054	1.0
rs9275534	HLA-DRB1	-0.0857134456053161	-2.73819935154483	0.0063031318516638	1.0
rs9275571	LY6G6D	-8.79703432434561e-05	-2.53995841353207	0.0112584978273266	1.0
rs9275571	HLA-DRB5	-0.142109027930261	-2.18815153073305	0.0289223700833054	1.0
rs9275571	HLA-DRB1	-0.0857134456053161	-2.73819935154483	0.0063031318516638	1.0
rs9273556	HLA-DRB5	0.195044832110435	3.101936144601	0.0019842743022099	1.0
rs9273556	HLA-DRB1	-0.141135899753369	-4.68194863913514	3.29225375114507e-06	0.0103319230267127
rs9273556	HLA-DQA1	-0.119216392537625	-3.39221723633976	0.0007243880441273	0.559705559561242
rs9273556	HLA-DQB1	-0.415033769420971	-12.0521969427457	4.6723524650193805e-31	3.47913499223205e-26
rs9273556	HLA-DQA2	0.865487041822398	9.4676927517631	2.57817613801708e-20	7.641408301567039e-16
rs9273556	HLA-DQB2	0.111792269388223	10.0946893247981	9.68403912662453e-23	3.50859154884899e-18
rs9275558	LY6G6D	-8.79703432434561e-05	-2.53995841353207	0.0112584978273266	1.0
rs9275558	HLA-DRB5	-0.142109027930261	-2.18815153073305	0.0289223700833054	1.0
rs9275558	HLA-DRB1	-0.0857134456053161	-2.73819935154483	0.0063031318516638	1.0
