rs_id	gene_eQTL	beta_eQTL	t-stat_eQTL	p-value_eQTL	FDR_eQTL	Cell_Type_eQTL	gene_strand_gtf_check	chr_GWAS	A1	A2	BETA_GWAS	GWAS_AF	P_GWAS	SE	type	pos_hg19_GWAS	eQTLcohort_AF	KOREAN_MAF	leadSNP	ESF
rs9274551	HLA-DRB5	0.378009736633542	5.72001488925748	1.4618176368276e-08	4.0972071792773576e-08	B_Memory	-	6	C	T	0.0704744	0.616801	3.07063e-06	0.0151081	Bian	32634834.0	1.3391304347826087	0.3276	False	1.0
rs9274557	HLA-DRB5	0.34761852504553	5.30810669577749	1.40491792343748e-07	3.038898551783245e-07	B_Memory	-	6	G	T	0.0704589	0.616363	3.14601e-06	0.0151209	Bian	32634887.0	1.3478260869565215	0.3294	False	1.0
rs9274555	HLA-DRB5	0.34761852504553	5.30810669577749	1.40491792343748e-07	3.038898551783245e-07	B_Memory	-	6	C	T	0.0704553	0.616362	3.1497e-06	0.0151209	Bian	32634882.0	1.3478260869565215	0.3276	False	1.0
rs9274556	HLA-DRB5	0.34761852504553	5.30810669577749	1.40491792343748e-07	3.038898551783245e-07	B_Memory	-	6	C	T	0.0704553	0.616362	3.1497e-06	0.0151209	Bian	32634883.0	1.3478260869565215	0.3279999999999999	False	1.0
rs607929	HLA-DRB5	-0.616269948258567	-10.0258286644556	1.81273021635253e-22	1.442933252216614e-21	B_Memory	-	6	C	G	-0.0582575294183045	0.4514	3.285e-06	0.0116717416124077	Both	32586998.0	0.9043478260869564	0.485	False	1.0
rs9274596	HLA-DRB5	0.24173870386066	4.03813818926791	5.86032448622794e-05	0.0001005348769620138	B_Memory	-	6	G	T	0.0701984	0.613318	3.29582e-06	0.0150961	Bian	32635467.0	1.2608695652173914	0.3279999999999999	False	1.0
rs9274594	HLA-DRB5	0.245080426680017	4.03493275492467	5.93941487267564e-05	0.00010102081706516687	B_Memory	-	6	C	T	0.0701678	0.613015	3.33355e-06	0.0150971	Bian	32635435.0	1.2869565217391303	0.3279999999999999	False	1.0
rs9273510	HLA-DRB5	0.511220182539133	7.604130305747	7.3936811122462e-14	2.4522375688949895e-13	B_Memory	-	6	G	C	0.0701717	0.614357	3.34127e-06	0.0150995	Bian	32628474.0	1.2545454545454546	0.3287	False	1.0
rs9273509	HLA-DRB5	0.511220182539133	7.604130305747	7.3936811122462e-14	2.4522375688949895e-13	B_Memory	-	6	T	C	0.0701717	0.614357	3.34127e-06	0.0150995	Bian	32628473.0	1.2545454545454546	0.3279999999999999	False	1.0
rs796429679	HLA-DRB5	0.34761852504553	5.30810669577749	1.40491792343748e-07	3.038898551783245e-07	B_Memory	-	6	T	C	0.070309	0.61576	3.3708e-06	0.0151349	Bian	32634103.0	1.3478260869565215	0.3288999999999999	False	1.0
rs28366264	HLA-DRB5	0.806863596154003	8.75047626192739	1.0790636025164601e-17	4.051578432090105e-17	B_Memory	-	6	T	A	0.100463	0.156528	3.44975e-06	0.0216534	Bian	32559674.0	0.3565217391304348	0.1683	False	1.0
rs9272323	HLA-DRB5	0.750145454204452	10.9781683439579	2.3302450973909495e-26	2.2081846399085665e-25	B_Memory	-	6	C	T	0.0720903	0.357149	3.47011e-06	0.0155387	Bian	32604151.0	0.8173913043478261	0.3922	False	1.0
rs1130430	HLA-DRB5	0.34761852504553	5.30810669577749	1.40491792343748e-07	3.038898551783245e-07	B_Memory	-	6	A	G	0.070152	0.611509	3.47341e-06	0.0151213	Bian	32629161.0	1.3478260869565215	0.3279999999999999	False	1.0
rs9274537	HLA-DRB5	0.348136940464821	5.31462344316733	1.35707687180563e-07	3.038898551783245e-07	B_Memory	-	6	G	A	0.0700413	0.613369	3.48576e-06	0.0150998	Bian	32634655.0	1.350877192982456	0.3279999999999999	False	1.0
rs9274536	HLA-DRB5	0.348136940464821	5.31462344316733	1.35707687180563e-07	3.038898551783245e-07	B_Memory	-	6	C	T	0.0699612	0.613394	3.57612e-06	0.0150997	Bian	32634634.0	1.350877192982456	0.3279999999999999	False	1.0
rs3020625	HLA-DRB5	0.34761852504553	5.30810669577749	1.40491792343748e-07	3.038898551783245e-07	B_Memory	-	6	A	C	0.0698684	0.613266	3.7257e-06	0.0151074	Bian	32628835.0	1.3478260869565215	0.3287	False	1.0
rs281864453	HLA-DRB5	0.34761852504553	5.30810669577749	1.40491792343748e-07	3.038898551783245e-07	B_Memory	-	6	C	G	0.0698404	0.613805	3.79354e-06	0.0151135	Bian	32628065.0	1.3478260869565215	0.3276	False	1.0
rs3828806	HLA-DRB5	0.34761852504553	5.30810669577749	1.40491792343748e-07	3.038898551783245e-07	B_Memory	-	6	C	T	0.0697595	0.614372	3.81747e-06	0.0151003	Bian	32636130.0	1.3478260869565215	0.3287	False	1.0
rs3828807	HLA-DRB5	0.34761852504553	5.30810669577749	1.40491792343748e-07	3.038898551783245e-07	B_Memory	-	6	G	C	0.0697595	0.614372	3.81747e-06	0.0151003	Bian	32636131.0	1.3478260869565215	0.3283	False	1.0
rs3828811	HLA-DRB5	0.34761852504553	5.30810669577749	1.40491792343748e-07	3.038898551783245e-07	B_Memory	-	6	T	G	0.0698085	0.617084	3.84256e-06	0.0151153	Bian	32636221.0	1.3478260869565215	0.3276	False	1.0
rs9273556	HLA-DRB5	0.34761852504553	5.30810669577749	1.40491792343748e-07	3.038898551783245e-07	B_Memory	-	6	C	G	0.0697173	0.613458	3.95801e-06	0.0151157	Bian	32628953.0	1.3478260869565215	0.3276	False	1.0
rs732162	HLA-DRB1	0.0712440778091098	2.32047779550361	0.0205441786778766	0.02363174310345343	B_Memory	-	6	G	A	0.0755708	0.326447	3.07891e-06	0.0162037	Bian	32394913.0	1.008695652173913	0.4669	True	1.0
rs9275529	HLA-DRB1	-0.0949545871368864	-3.00889782339966	0.0026971257741346	0.0036022015372670162	B_Memory	-	6	C	T	-0.0611498696331691	0.2311999999999999	3.299e-06	0.013063742824846	Both	32675430.0	0.6086956521739131	0.3085	False	1.0
rs9275580	HLA-DRB1	-0.0949545871368864	-3.00889782339966	0.0026971257741346	0.0036022015372670162	B_Memory	-	6	A	G	-0.0609273902412732	0.2308	3.622e-06	0.0130594493961898	Both	32679462.0	0.6086956521739131	0.3085	False	1.0
rs2157333	HLA-DRB1	0.0712440778091098	2.32047779550361	0.0205441786778766	0.02363174310345343	B_Memory	-	6	T	C	0.0749355	0.326389	3.7258e-06	0.0162042	Bian	32392591.0	1.008695652173913	0.4672	False	1.0
rs9275052	HLA-DRB1	-0.24803991817054	-7.57080723467064	9.41058755452592e-14	3.0700113497551773e-13	B_Memory	-	6	G	A	-0.1048535838826529	0.593878	3.833e-06	0.0174405097092297	RBDSonly	32648156.0	1.5043478260869565	0.2418	False	1.0
rs9275568	HLA-DRB1	-0.0949545871368864	-3.00889782339966	0.0026971257741346	0.0036022015372670162	B_Memory	-	6	A	C	-0.0607875029534629	0.2307	3.882e-06	0.0130614733395692	Both	32678135.0	0.6086956521739131	0.3092	False	1.0
rs9275546	HLA-DRB1	-0.0967137053565295	-3.05306161443846	0.0023337119250218	0.0032476130984569105	B_Memory	-	6	T	G	-0.060784242630351	0.2308	3.898e-06	0.0130620759499057	Both	32676445.0	0.6052631578947368	0.3085	False	1.0
rs9275534	HLA-DRB1	-0.0949545871368864	-3.00889782339966	0.0026971257741346	0.0036022015372670162	B_Memory	-	6	C	T	-0.0607866840909533	0.2308	3.906e-06	0.013061163528796	Both	32675767.0	0.6086956521739131	0.3085	False	1.0
rs9275571	HLA-DRB1	-0.0949545871368864	-3.00889782339966	0.0026971257741346	0.0036022015372670162	B_Memory	-	6	T	G	-0.0607545114350762	0.2307	3.942e-06	0.0130612385737035	Both	32678847.0	0.6086956521739131	0.3085	False	1.0
rs9275558	HLA-DRB1	-0.0949545871368864	-3.00889782339966	0.0026971257741346	0.0036022015372670162	B_Memory	-	6	G	T	-0.060728885678307	0.2306	3.986e-06	0.0130614534325663	Both	32677427.0	0.6086956521739131	0.3085	False	1.0
rs9275052	HLA-DQB1	-0.192969596333256	-5.3612613811411	1.05791305194456e-07	2.664869586543892e-07	B_Memory	-	6	G	A	-0.1048535838826529	0.593878	3.833e-06	0.0174405097092297	RBDSonly	32648156.0	1.5043478260869565	0.2418	False	1.0
rs9274551	HLA-DQA2	0.590469903989549	10.4413021772825	3.92486581004042e-24	3.395862157382798e-23	B_Memory	+	6	C	T	0.0704744	0.616801	3.07063e-06	0.0151081	Bian	32634834.0	1.3391304347826087	0.3276	False	0.9403973509933776
rs9274557	HLA-DQA2	0.541134822296615	9.59682794585102	8.35226546373303e-21	4.3739495454812445e-20	B_Memory	+	6	G	T	0.0704589	0.616363	3.14601e-06	0.0151209	Bian	32634887.0	1.3478260869565215	0.3294	False	0.9403973509933776
rs9274555	HLA-DQA2	0.541134822296615	9.59682794585102	8.35226546373303e-21	4.3739495454812445e-20	B_Memory	+	6	C	T	0.0704553	0.616362	3.1497e-06	0.0151209	Bian	32634882.0	1.3478260869565215	0.3276	False	0.9403973509933776
rs9274556	HLA-DQA2	0.541134822296615	9.59682794585102	8.35226546373303e-21	4.3739495454812445e-20	B_Memory	+	6	C	T	0.0704553	0.616362	3.1497e-06	0.0151209	Bian	32634883.0	1.3478260869565215	0.3279999999999999	False	0.9403973509933776
rs607929	HLA-DQA2	-0.678988830029158	-12.7928294474517	1.7845283427688899e-34	1.7756057010550453e-32	B_Memory	+	6	C	G	-0.0582575294183045	0.4514	3.285e-06	0.0116717416124077	Both	32586998.0	0.9043478260869564	0.485	False	0.9403973509933776
rs9274596	HLA-DQA2	0.424204084303185	8.17563061185858	1.0288727345825e-15	3.72264862148941e-15	B_Memory	+	6	G	T	0.0701984	0.613318	3.29582e-06	0.0150961	Bian	32635467.0	1.2608695652173914	0.3279999999999999	False	0.9403973509933776
rs9274594	HLA-DQA2	0.427665265751913	8.11968329186444	1.5814596875923901e-15	5.619829961265815e-15	B_Memory	+	6	C	T	0.0701678	0.613015	3.33355e-06	0.0150971	Bian	32635435.0	1.2869565217391303	0.3279999999999999	False	0.9403973509933776
rs9273510	HLA-DQA2	0.64589522199572	11.1622712900081	3.84418291722369e-27	3.824962002637571e-26	B_Memory	+	6	G	C	0.0701717	0.614357	3.34127e-06	0.0150995	Bian	32628474.0	1.2545454545454546	0.3287	False	0.9403973509933776
rs9273509	HLA-DQA2	0.64589522199572	11.1622712900081	3.84418291722369e-27	3.824962002637571e-26	B_Memory	+	6	T	C	0.0701717	0.614357	3.34127e-06	0.0150995	Bian	32628473.0	1.2545454545454546	0.3279999999999999	False	0.9403973509933776
rs796429679	HLA-DQA2	0.541134822296615	9.59682794585102	8.35226546373303e-21	4.3739495454812445e-20	B_Memory	+	6	T	C	0.070309	0.61576	3.3708e-06	0.0151349	Bian	32634103.0	1.3478260869565215	0.3288999999999999	False	0.9403973509933776
rs28366264	HLA-DQA2	0.566402182903085	6.78270845804532	2.16999688724932e-11	6.542869402463859e-11	B_Memory	+	6	T	A	0.100463	0.156528	3.44975e-06	0.0216534	Bian	32559674.0	0.3565217391304348	0.1683	False	0.9403973509933776
rs9272323	HLA-DQA2	1.04209439985409	19.1029186231678	2.90934160706668e-68	5.789589798062693e-66	B_Memory	+	6	C	T	0.0720903	0.357149	3.47011e-06	0.0155387	Bian	32604151.0	0.8173913043478261	0.3922	False	0.9403973509933776
rs1130430	HLA-DQA2	0.541134822296615	9.59682794585102	8.35226546373303e-21	4.3739495454812445e-20	B_Memory	+	6	A	G	0.070152	0.611509	3.47341e-06	0.0151213	Bian	32629161.0	1.3478260869565215	0.3279999999999999	False	0.9403973509933776
rs9274537	HLA-DQA2	0.542939685369487	9.62901180254809	6.29493319004924e-21	4.3739495454812445e-20	B_Memory	+	6	G	A	0.0700413	0.613369	3.48576e-06	0.0150998	Bian	32634655.0	1.350877192982456	0.3279999999999999	False	0.9403973509933776
rs9274536	HLA-DQA2	0.542939685369487	9.62901180254809	6.29493319004924e-21	4.3739495454812445e-20	B_Memory	+	6	C	T	0.0699612	0.613394	3.57612e-06	0.0150997	Bian	32634634.0	1.350877192982456	0.3279999999999999	False	0.9403973509933776
rs3020625	HLA-DQA2	0.541134822296615	9.59682794585102	8.35226546373303e-21	4.3739495454812445e-20	B_Memory	+	6	A	C	0.0698684	0.613266	3.7257e-06	0.0151074	Bian	32628835.0	1.3478260869565215	0.3287	False	0.9403973509933776
rs281864453	HLA-DQA2	0.541134822296615	9.59682794585102	8.35226546373303e-21	4.3739495454812445e-20	B_Memory	+	6	C	G	0.0698404	0.613805	3.79354e-06	0.0151135	Bian	32628065.0	1.3478260869565215	0.3276	False	0.9403973509933776
rs3828806	HLA-DQA2	0.541134822296615	9.59682794585102	8.35226546373303e-21	4.3739495454812445e-20	B_Memory	+	6	C	T	0.0697595	0.614372	3.81747e-06	0.0151003	Bian	32636130.0	1.3478260869565215	0.3287	False	0.9403973509933776
rs3828807	HLA-DQA2	0.541134822296615	9.59682794585102	8.35226546373303e-21	4.3739495454812445e-20	B_Memory	+	6	G	C	0.0697595	0.614372	3.81747e-06	0.0151003	Bian	32636131.0	1.3478260869565215	0.3283	False	0.9403973509933776
rs3828811	HLA-DQA2	0.541134822296615	9.59682794585102	8.35226546373303e-21	4.3739495454812445e-20	B_Memory	+	6	T	G	0.0698085	0.617084	3.84256e-06	0.0151153	Bian	32636221.0	1.3478260869565215	0.3276	False	0.9403973509933776
rs9273556	HLA-DQA2	0.541134822296615	9.59682794585102	8.35226546373303e-21	4.3739495454812445e-20	B_Memory	+	6	C	G	0.0697173	0.613458	3.95801e-06	0.0151157	Bian	32628953.0	1.3478260869565215	0.3276	False	0.9403973509933776
rs9274551	HLA-DQB2	0.0503986353355698	8.81365261813476	6.43895474561116e-18	2.464138450724271e-17	B_Memory	-	6	C	T	0.0704744	0.616801	3.07063e-06	0.0151081	Bian	32634834.0	1.3391304347826087	0.3276	False	0.8774834437086093
rs9274557	HLA-DQB2	0.0505854985383193	8.96178471833447	1.8963626457634898e-18	7.399532676606559e-18	B_Memory	-	6	G	T	0.0704589	0.616363	3.14601e-06	0.0151209	Bian	32634887.0	1.3478260869565215	0.3294	False	0.8774834437086093
rs9274555	HLA-DQB2	0.0505854985383193	8.96178471833447	1.8963626457634898e-18	7.399532676606559e-18	B_Memory	-	6	C	T	0.0704553	0.616362	3.1497e-06	0.0151209	Bian	32634882.0	1.3478260869565215	0.3276	False	0.8774834437086093
rs9274556	HLA-DQB2	0.0505854985383193	8.96178471833447	1.8963626457634898e-18	7.399532676606559e-18	B_Memory	-	6	C	T	0.0704553	0.616362	3.1497e-06	0.0151209	Bian	32634883.0	1.3478260869565215	0.3279999999999999	False	0.8774834437086093
rs607929	HLA-DQB2	-0.0272757272558811	-4.80294699580178	1.83883232357413e-06	3.851869814644757e-06	B_Memory	-	6	C	G	-0.0582575294183045	0.4514	3.285e-06	0.0116717416124077	Both	32586998.0	0.9043478260869564	0.485	False	0.8774834437086093
rs9274596	HLA-DQB2	0.0309667293452398	5.89555324595618	5.3286150970744514e-09	1.5368034845185737e-08	B_Memory	-	6	G	T	0.0701984	0.613318	3.29582e-06	0.0150961	Bian	32635467.0	1.2608695652173914	0.3279999999999999	False	0.8774834437086093
rs9274594	HLA-DQB2	0.0311724472212333	5.84741822859761	7.04608373134544e-09	2.0031009464824893e-08	B_Memory	-	6	C	T	0.0701678	0.613015	3.33355e-06	0.0150971	Bian	32635435.0	1.2869565217391303	0.3279999999999999	False	0.8774834437086093
rs9273510	HLA-DQB2	0.0465510165032377	7.82544699988706	1.45645260530633e-14	4.997139111309649e-14	B_Memory	-	6	G	C	0.0701717	0.614357	3.34127e-06	0.0150995	Bian	32628474.0	1.2545454545454546	0.3287	False	0.8774834437086093
rs9273509	HLA-DQB2	0.0465510165032377	7.82544699988706	1.45645260530633e-14	4.997139111309649e-14	B_Memory	-	6	T	C	0.0701717	0.614357	3.34127e-06	0.0150995	Bian	32628473.0	1.2545454545454546	0.3279999999999999	False	0.8774834437086093
rs796429679	HLA-DQB2	0.0505854985383193	8.96178471833447	1.8963626457634898e-18	7.399532676606559e-18	B_Memory	-	6	T	C	0.070309	0.61576	3.3708e-06	0.0151349	Bian	32634103.0	1.3478260869565215	0.3288999999999999	False	0.8774834437086093
rs9272323	HLA-DQB2	0.0509963633711416	8.19005332599262	9.20577631817714e-16	3.392499050587501e-15	B_Memory	-	6	C	T	0.0720903	0.357149	3.47011e-06	0.0155387	Bian	32604151.0	0.8173913043478261	0.3922	False	0.8774834437086093
rs1130430	HLA-DQB2	0.0505854985383193	8.96178471833447	1.8963626457634898e-18	7.399532676606559e-18	B_Memory	-	6	A	G	0.070152	0.611509	3.47341e-06	0.0151213	Bian	32629161.0	1.3478260869565215	0.3279999999999999	False	0.8774834437086093
rs9274537	HLA-DQB2	0.0506082114658566	8.96322607820426	1.8737881409477e-18	7.399532676606559e-18	B_Memory	-	6	G	A	0.0700413	0.613369	3.48576e-06	0.0150998	Bian	32634655.0	1.350877192982456	0.3279999999999999	False	0.8774834437086093
rs9274536	HLA-DQB2	0.0506082114658566	8.96322607820426	1.8737881409477e-18	7.399532676606559e-18	B_Memory	-	6	C	T	0.0699612	0.613394	3.57612e-06	0.0150997	Bian	32634634.0	1.350877192982456	0.3279999999999999	False	0.8774834437086093
rs3020625	HLA-DQB2	0.0505854985383193	8.96178471833447	1.8963626457634898e-18	7.399532676606559e-18	B_Memory	-	6	A	C	0.0698684	0.613266	3.7257e-06	0.0151074	Bian	32628835.0	1.3478260869565215	0.3287	False	0.8774834437086093
rs281864453	HLA-DQB2	0.0505854985383193	8.96178471833447	1.8963626457634898e-18	7.399532676606559e-18	B_Memory	-	6	C	G	0.0698404	0.613805	3.79354e-06	0.0151135	Bian	32628065.0	1.3478260869565215	0.3276	False	0.8774834437086093
rs3828806	HLA-DQB2	0.0505854985383193	8.96178471833447	1.8963626457634898e-18	7.399532676606559e-18	B_Memory	-	6	C	T	0.0697595	0.614372	3.81747e-06	0.0151003	Bian	32636130.0	1.3478260869565215	0.3287	False	0.8774834437086093
rs3828807	HLA-DQB2	0.0505854985383193	8.96178471833447	1.8963626457634898e-18	7.399532676606559e-18	B_Memory	-	6	G	C	0.0697595	0.614372	3.81747e-06	0.0151003	Bian	32636131.0	1.3478260869565215	0.3283	False	0.8774834437086093
rs3828811	HLA-DQB2	0.0505854985383193	8.96178471833447	1.8963626457634898e-18	7.399532676606559e-18	B_Memory	-	6	T	G	0.0698085	0.617084	3.84256e-06	0.0151153	Bian	32636221.0	1.3478260869565215	0.3276	False	0.8774834437086093
rs9273556	HLA-DQB2	0.0505854985383193	8.96178471833447	1.8963626457634898e-18	7.399532676606559e-18	B_Memory	-	6	C	G	0.0697173	0.613458	3.95801e-06	0.0151157	Bian	32628953.0	1.3478260869565215	0.3276	False	0.8774834437086093
rs9274551	HLA-DPB1	0.0822323320576355	3.37360695418366	0.0007744915879242	0.0012329906079753263	B_Memory	+	6	C	T	0.0704744	0.616801	3.07063e-06	0.0151081	Bian	32634834.0	1.3391304347826087	0.3276	False	1.0
rs9274557	HLA-DPB1	0.0752737028465768	3.12122583200844	0.0018601234227377	0.002606792683977481	B_Memory	+	6	G	T	0.0704589	0.616363	3.14601e-06	0.0151209	Bian	32634887.0	1.3478260869565215	0.3294	False	1.0
rs9274555	HLA-DPB1	0.0752737028465768	3.12122583200844	0.0018601234227377	0.002606792683977481	B_Memory	+	6	C	T	0.0704553	0.616362	3.1497e-06	0.0151209	Bian	32634882.0	1.3478260869565215	0.3276	False	1.0
rs9274556	HLA-DPB1	0.0752737028465768	3.12122583200844	0.0018601234227377	0.002606792683977481	B_Memory	+	6	C	T	0.0704553	0.616362	3.1497e-06	0.0151209	Bian	32634883.0	1.3478260869565215	0.3279999999999999	False	1.0
rs607929	HLA-DPB1	-0.131681095745643	-5.6677605837101	1.96390783380748e-08	5.428023040662341e-08	B_Memory	+	6	C	G	-0.0582575294183045	0.4514	3.285e-06	0.0116717416124077	Both	32586998.0	0.9043478260869564	0.485	False	1.0
rs9274596	HLA-DPB1	0.0457388272326575	2.0821247224793	0.0376211385725284	0.038992742582985164	B_Memory	+	6	G	T	0.0701984	0.613318	3.29582e-06	0.0150961	Bian	32635467.0	1.2608695652173914	0.3279999999999999	False	1.0
rs9274594	HLA-DPB1	0.0501141727976799	2.24936579382658	0.0247371502855205	0.027197198380213145	B_Memory	+	6	C	T	0.0701678	0.613015	3.33355e-06	0.0150971	Bian	32635435.0	1.2869565217391303	0.3279999999999999	False	1.0
rs9273510	HLA-DPB1	0.0794180057755107	3.15680055359442	0.0016497247732082	0.002544924262545983	B_Memory	+	6	G	C	0.0701717	0.614357	3.34127e-06	0.0150995	Bian	32628474.0	1.2545454545454546	0.3287	False	1.0
rs9273509	HLA-DPB1	0.0794180057755107	3.15680055359442	0.0016497247732082	0.002544924262545983	B_Memory	+	6	T	C	0.0701717	0.614357	3.34127e-06	0.0150995	Bian	32628473.0	1.2545454545454546	0.3279999999999999	False	1.0
rs796429679	HLA-DPB1	0.0752737028465768	3.12122583200844	0.0018601234227377	0.002606792683977481	B_Memory	+	6	T	C	0.070309	0.61576	3.3708e-06	0.0151349	Bian	32634103.0	1.3478260869565215	0.3288999999999999	False	1.0
rs28366264	HLA-DPB1	0.0744061760572535	2.12847455121283	0.033576588703251	0.035167058694457624	B_Memory	+	6	T	A	0.100463	0.156528	3.44975e-06	0.0216534	Bian	32559674.0	0.3565217391304348	0.1683	False	1.0
rs9272323	HLA-DPB1	0.0728727794345129	2.75503614367049	0.0059904327403327	0.007690942679523918	B_Memory	+	6	C	T	0.0720903	0.357149	3.47011e-06	0.0155387	Bian	32604151.0	0.8173913043478261	0.3922	False	1.0
rs1130430	HLA-DPB1	0.0752737028465768	3.12122583200844	0.0018601234227377	0.002606792683977481	B_Memory	+	6	A	G	0.070152	0.611509	3.47341e-06	0.0151213	Bian	32629161.0	1.3478260869565215	0.3279999999999999	False	1.0
rs9274537	HLA-DPB1	0.0755719409523694	3.13277520034926	0.0017892532201766	0.002606792683977481	B_Memory	+	6	G	A	0.0700413	0.613369	3.48576e-06	0.0150998	Bian	32634655.0	1.350877192982456	0.3279999999999999	False	1.0
rs9274536	HLA-DPB1	0.0755719409523694	3.13277520034926	0.0017892532201766	0.002606792683977481	B_Memory	+	6	C	T	0.0699612	0.613394	3.57612e-06	0.0150997	Bian	32634634.0	1.350877192982456	0.3279999999999999	False	1.0
rs3020625	HLA-DPB1	0.0752737028465768	3.12122583200844	0.0018601234227377	0.002606792683977481	B_Memory	+	6	A	C	0.0698684	0.613266	3.7257e-06	0.0151074	Bian	32628835.0	1.3478260869565215	0.3287	False	1.0
rs281864453	HLA-DPB1	0.0752737028465768	3.12122583200844	0.0018601234227377	0.002606792683977481	B_Memory	+	6	C	G	0.0698404	0.613805	3.79354e-06	0.0151135	Bian	32628065.0	1.3478260869565215	0.3276	False	1.0
rs3828806	HLA-DPB1	0.0752737028465768	3.12122583200844	0.0018601234227377	0.002606792683977481	B_Memory	+	6	C	T	0.0697595	0.614372	3.81747e-06	0.0151003	Bian	32636130.0	1.3478260869565215	0.3287	False	1.0
rs3828807	HLA-DPB1	0.0752737028465768	3.12122583200844	0.0018601234227377	0.002606792683977481	B_Memory	+	6	G	C	0.0697595	0.614372	3.81747e-06	0.0151003	Bian	32636131.0	1.3478260869565215	0.3283	False	1.0
rs3828811	HLA-DPB1	0.0752737028465768	3.12122583200844	0.0018601234227377	0.002606792683977481	B_Memory	+	6	T	G	0.0698085	0.617084	3.84256e-06	0.0151153	Bian	32636221.0	1.3478260869565215	0.3276	False	1.0
rs9273556	HLA-DPB1	0.0752737028465768	3.12122583200844	0.0018601234227377	0.002606792683977481	B_Memory	+	6	C	G	0.0697173	0.613458	3.95801e-06	0.0151157	Bian	32628953.0	1.3478260869565215	0.3276	False	1.0
rs607929	HLA-DRA	-0.0638948620228383	-3.90531727100788	0.0001013449297565	0.0001709122120469788	B_Memory	+	6	C	G	-0.0582575294183045	0.4514	3.285e-06	0.0116717416124077	Both	32586998.0	0.9043478260869564	0.485	False	1.0
rs9273510	HLA-DRA	0.0351763340617933	1.99749979380589	0.0460801406170686	0.04644219705479009	B_Memory	+	6	G	C	0.0701717	0.614357	3.34127e-06	0.0150995	Bian	32628474.0	1.2545454545454546	0.3287	False	1.0
rs9273509	HLA-DRA	0.0351763340617933	1.99749979380589	0.0460801406170686	0.04644219705479009	B_Memory	+	6	T	C	0.0701717	0.614357	3.34127e-06	0.0150995	Bian	32628473.0	1.2545454545454546	0.3279999999999999	False	1.0
rs28366264	HLA-DRA	0.0594816423739181	2.44103460279065	0.0148425449014659	0.01881316200886442	B_Memory	+	6	T	A	0.100463	0.156528	3.44975e-06	0.0216534	Bian	32559674.0	0.3565217391304348	0.1683	False	1.0
rs9272323	HLA-DRA	0.0613386091770768	3.33069830962771	0.0009025448912114	0.0014142238846540833	B_Memory	+	6	C	T	0.0720903	0.357149	3.47011e-06	0.0155387	Bian	32604151.0	0.8173913043478261	0.3922	False	1.0
rs732162	HLA-DQA1	0.150654646064921	5.5712285801872	3.36738071413274e-08	8.934783494832204e-08	B_Memory	+	6	G	A	0.0755708	0.326447	3.07891e-06	0.0162037	Bian	32394913.0	1.008695652173913	0.4669	True	1.0
rs9274557	HLA-DQA1	0.0662673200843554	2.409489811585	0.0161804089683875	0.019166079670887574	B_Memory	+	6	G	T	0.0704589	0.616363	3.14601e-06	0.0151209	Bian	32634887.0	1.3478260869565215	0.3294	False	1.0
rs9274555	HLA-DQA1	0.0662673200843554	2.409489811585	0.0161804089683875	0.019166079670887574	B_Memory	+	6	C	T	0.0704553	0.616362	3.1497e-06	0.0151209	Bian	32634882.0	1.3478260869565215	0.3276	False	1.0
rs9274556	HLA-DQA1	0.0662673200843554	2.409489811585	0.0161804089683875	0.019166079670887574	B_Memory	+	6	C	T	0.0704553	0.616362	3.1497e-06	0.0151209	Bian	32634883.0	1.3478260869565215	0.3279999999999999	False	1.0
rs796429679	HLA-DQA1	0.0662673200843554	2.409489811585	0.0161804089683875	0.019166079670887574	B_Memory	+	6	T	C	0.070309	0.61576	3.3708e-06	0.0151349	Bian	32634103.0	1.3478260869565215	0.3288999999999999	False	1.0
rs1130430	HLA-DQA1	0.0662673200843554	2.409489811585	0.0161804089683875	0.019166079670887574	B_Memory	+	6	A	G	0.070152	0.611509	3.47341e-06	0.0151213	Bian	32629161.0	1.3478260869565215	0.3279999999999999	False	1.0
rs9274537	HLA-DQA1	0.066167047686682	2.40508947100849	0.016375232580319	0.019168654608726358	B_Memory	+	6	G	A	0.0700413	0.613369	3.48576e-06	0.0150998	Bian	32634655.0	1.350877192982456	0.3279999999999999	False	1.0
rs9274536	HLA-DQA1	0.066167047686682	2.40508947100849	0.016375232580319	0.019168654608726358	B_Memory	+	6	C	T	0.0699612	0.613394	3.57612e-06	0.0150997	Bian	32634634.0	1.350877192982456	0.3279999999999999	False	1.0
rs3020625	HLA-DQA1	0.0662673200843554	2.409489811585	0.0161804089683875	0.019166079670887574	B_Memory	+	6	A	C	0.0698684	0.613266	3.7257e-06	0.0151074	Bian	32628835.0	1.3478260869565215	0.3287	False	1.0
rs2157333	HLA-DQA1	0.150654646064921	5.5712285801872	3.36738071413274e-08	8.934783494832204e-08	B_Memory	+	6	T	C	0.0749355	0.326389	3.7258e-06	0.0162042	Bian	32392591.0	1.008695652173913	0.4672	False	1.0
rs281864453	HLA-DQA1	0.0662673200843554	2.409489811585	0.0161804089683875	0.019166079670887574	B_Memory	+	6	C	G	0.0698404	0.613805	3.79354e-06	0.0151135	Bian	32628065.0	1.3478260869565215	0.3276	False	1.0
rs3828806	HLA-DQA1	0.0662673200843554	2.409489811585	0.0161804089683875	0.019166079670887574	B_Memory	+	6	C	T	0.0697595	0.614372	3.81747e-06	0.0151003	Bian	32636130.0	1.3478260869565215	0.3287	False	1.0
rs3828807	HLA-DQA1	0.0662673200843554	2.409489811585	0.0161804089683875	0.019166079670887574	B_Memory	+	6	G	C	0.0697595	0.614372	3.81747e-06	0.0151003	Bian	32636131.0	1.3478260869565215	0.3283	False	1.0
rs3828811	HLA-DQA1	0.0662673200843554	2.409489811585	0.0161804089683875	0.019166079670887574	B_Memory	+	6	T	G	0.0698085	0.617084	3.84256e-06	0.0151153	Bian	32636221.0	1.3478260869565215	0.3276	False	1.0
rs9273556	HLA-DQA1	0.0662673200843554	2.409489811585	0.0161804089683875	0.019166079670887574	B_Memory	+	6	C	G	0.0697173	0.613458	3.95801e-06	0.0151157	Bian	32628953.0	1.3478260869565215	0.3276	False	1.0
rs607929	HLA-DMA	-0.0438665803732821	-2.95208722648409	0.0032406750407389	0.00429929555404694	B_Memory	-	6	C	G	-0.0582575294183045	0.4514	3.285e-06	0.0116717416124077	Both	32586998.0	0.9043478260869564	0.485	False	1.0
rs9272323	HLA-DMA	0.0372268560085799	2.22614610169398	0.0262583831474733	0.028711089265643884	B_Memory	-	6	C	T	0.0720903	0.357149	3.47011e-06	0.0155387	Bian	32604151.0	0.8173913043478261	0.3922	False	1.0
rs607929	HLA-DMB	-0.0364592326000143	-2.83789395580564	0.0046462532819355	0.006043166033367088	B_Memory	-	6	C	G	-0.0582575294183045	0.4514	3.285e-06	0.0116717416124077	Both	32586998.0	0.9043478260869564	0.485	False	1.0
rs9275529	CUTA	-0.0217341167990437	-2.27783337192062	0.0229769316210785	0.02554418655080794	B_Memory	-	6	C	T	-0.0611498696331691	0.2311999999999999	3.299e-06	0.013063742824846	Both	32675430.0	0.6086956521739131	0.3085	False	1.0
rs9275580	CUTA	-0.0217341167990437	-2.27783337192062	0.0229769316210785	0.02554418655080794	B_Memory	-	6	A	G	-0.0609273902412732	0.2308	3.622e-06	0.0130594493961898	Both	32679462.0	0.6086956521739131	0.3085	False	1.0
rs9275568	CUTA	-0.0217341167990437	-2.27783337192062	0.0229769316210785	0.02554418655080794	B_Memory	-	6	A	C	-0.0607875029534629	0.2307	3.882e-06	0.0130614733395692	Both	32678135.0	0.6086956521739131	0.3092	False	1.0
rs9275546	CUTA	-0.0222819917003234	-2.32637326650637	0.0202262164154109	0.023538111500975258	B_Memory	-	6	T	G	-0.060784242630351	0.2308	3.898e-06	0.0130620759499057	Both	32676445.0	0.6052631578947368	0.3085	False	1.0
rs9275534	CUTA	-0.0217341167990437	-2.27783337192062	0.0229769316210785	0.02554418655080794	B_Memory	-	6	C	T	-0.0607866840909533	0.2308	3.906e-06	0.013061163528796	Both	32675767.0	0.6086956521739131	0.3085	False	1.0
rs9275571	CUTA	-0.0217341167990437	-2.27783337192062	0.0229769316210785	0.02554418655080794	B_Memory	-	6	T	G	-0.0607545114350762	0.2307	3.942e-06	0.0130612385737035	Both	32678847.0	0.6086956521739131	0.3085	False	1.0
rs9275558	CUTA	-0.0217341167990437	-2.27783337192062	0.0229769316210785	0.02554418655080794	B_Memory	-	6	G	T	-0.060728885678307	0.2306	3.986e-06	0.0130614534325663	Both	32677427.0	0.6086956521739131	0.3085	False	1.0
rs9260415	ATAT1	-0.0030900309418344	-2.21774333437621	0.0268285085940326	0.029015615272893952	B_Memory	+	6	A	C	-0.0671922	0.504566	3.35511e-06	0.0144609	Bian	29919021.0	1.565217391304348	0.2060999999999999	False	0.9635761589403974
rs9260417	ATAT1	-0.0030900309418344	-2.21774333437621	0.0268285085940326	0.029015615272893952	B_Memory	+	6	G	T	-0.0668444	0.502391	3.442e-06	0.0144024	Bian	29919023.0	1.565217391304348	0.2060999999999999	False	0.9635761589403974
rs28366264	EHMT2	0.0104995442200369	2.00264564013508	0.0455234534430297	0.04644219705479009	B_Memory	-	6	T	A	0.100463	0.156528	3.44975e-06	0.0216534	Bian	32559674.0	0.3565217391304348	0.1683	False	1.0
rs9272323	HLA-DOB	0.018915665105197	2.09175064578928	0.0367485923871596	0.03828780044526053	B_Memory	-	6	C	T	0.0720903	0.357149	3.47011e-06	0.0155387	Bian	32604151.0	0.8173913043478261	0.3922	False	1.0
rs9275052	ZBTB22	-0.0073821500139653	-2.76467067527152	0.0058178618010275	0.0075178863532757954	B_Memory	-	6	G	A	-0.1048535838826529	0.593878	3.833e-06	0.0174405097092297	RBDSonly	32648156.0	1.5043478260869565	0.2418	False	0.9966887417218544
rs9275052	TAPBP	-0.0396480371332994	-2.25448914327768	0.0244119854190203	0.02698880610213911	B_Memory	-	6	G	A	-0.1048535838826529	0.593878	3.833e-06	0.0174405097092297	RBDSonly	32648156.0	1.5043478260869565	0.2418	False	1.0
rs16896742	FLOT1	-0.0109860293374828	-2.72960971145385	0.0064682655966416	0.008251184959818452	B_Memory	-	6	A	G	-0.0693614	0.364077	3.88555e-06	0.0150261	Bian	29922740.0	0.9652173913043478	0.4256	False	0.9966887417218544
rs9274551	HLA-DRA	0.0548205781827276	3.40335064701684	0.0006958736194865	0.001546385821081111	CD8+_T_Effector_Memory	+	6	C	T	0.0704744	0.616801	3.07063e-06	0.0151081	Bian	32634834.0	1.3391304347826087	0.3276	False	0.9966887417218544
rs9274557	HLA-DRA	0.0523589722151914	3.28456228043857	0.0010619786925856	0.0021392376541292664	CD8+_T_Effector_Memory	+	6	G	T	0.0704589	0.616363	3.14601e-06	0.0151209	Bian	32634887.0	1.3478260869565215	0.3294	False	0.9966887417218544
rs9274555	HLA-DRA	0.0523589722151914	3.28456228043857	0.0010619786925856	0.0021392376541292664	CD8+_T_Effector_Memory	+	6	C	T	0.0704553	0.616362	3.1497e-06	0.0151209	Bian	32634882.0	1.3478260869565215	0.3276	False	0.9966887417218544
rs9274556	HLA-DRA	0.0523589722151914	3.28456228043857	0.0010619786925856	0.0021392376541292664	CD8+_T_Effector_Memory	+	6	C	T	0.0704553	0.616362	3.1497e-06	0.0151209	Bian	32634883.0	1.3478260869565215	0.3279999999999999	False	0.9966887417218544
rs9273510	HLA-DRA	0.0643303418776068	3.87810477501697	0.0001131588846409	0.0002803936964553274	CD8+_T_Effector_Memory	+	6	G	C	0.0701717	0.614357	3.34127e-06	0.0150995	Bian	32628474.0	1.2545454545454546	0.3287	False	0.9966887417218544
rs9273509	HLA-DRA	0.0643303418776068	3.87810477501697	0.0001131588846409	0.0002803936964553274	CD8+_T_Effector_Memory	+	6	T	C	0.0701717	0.614357	3.34127e-06	0.0150995	Bian	32628473.0	1.2545454545454546	0.3279999999999999	False	0.9966887417218544
rs796429679	HLA-DRA	0.0523589722151914	3.28456228043857	0.0010619786925856	0.0021392376541292664	CD8+_T_Effector_Memory	+	6	T	C	0.070309	0.61576	3.3708e-06	0.0151349	Bian	32634103.0	1.3478260869565215	0.3288999999999999	False	0.9966887417218544
rs1130430	HLA-DRA	0.0523589722151914	3.28456228043857	0.0010619786925856	0.0021392376541292664	CD8+_T_Effector_Memory	+	6	A	G	0.070152	0.611509	3.47341e-06	0.0151213	Bian	32629161.0	1.3478260869565215	0.3279999999999999	False	0.9966887417218544
rs9274537	HLA-DRA	0.051953189382817	3.25736979320476	0.0011677911147399	0.0023026867051209295	CD8+_T_Effector_Memory	+	6	G	A	0.0700413	0.613369	3.48576e-06	0.0150998	Bian	32634655.0	1.350877192982456	0.3279999999999999	False	0.9966887417218544
rs9274536	HLA-DRA	0.051953189382817	3.25736979320476	0.0011677911147399	0.0023026867051209295	CD8+_T_Effector_Memory	+	6	C	T	0.0699612	0.613394	3.57612e-06	0.0150997	Bian	32634634.0	1.350877192982456	0.3279999999999999	False	0.9966887417218544
rs3020625	HLA-DRA	0.0523589722151914	3.28456228043857	0.0010619786925856	0.0021392376541292664	CD8+_T_Effector_Memory	+	6	A	C	0.0698684	0.613266	3.7257e-06	0.0151074	Bian	32628835.0	1.3478260869565215	0.3287	False	0.9966887417218544
rs281864453	HLA-DRA	0.0523589722151914	3.28456228043857	0.0010619786925856	0.0021392376541292664	CD8+_T_Effector_Memory	+	6	C	G	0.0698404	0.613805	3.79354e-06	0.0151135	Bian	32628065.0	1.3478260869565215	0.3276	False	0.9966887417218544
rs3828806	HLA-DRA	0.0523589722151914	3.28456228043857	0.0010619786925856	0.0021392376541292664	CD8+_T_Effector_Memory	+	6	C	T	0.0697595	0.614372	3.81747e-06	0.0151003	Bian	32636130.0	1.3478260869565215	0.3287	False	0.9966887417218544
rs3828807	HLA-DRA	0.0523589722151914	3.28456228043857	0.0010619786925856	0.0021392376541292664	CD8+_T_Effector_Memory	+	6	G	C	0.0697595	0.614372	3.81747e-06	0.0151003	Bian	32636131.0	1.3478260869565215	0.3283	False	0.9966887417218544
rs3828811	HLA-DRA	0.0523589722151914	3.28456228043857	0.0010619786925856	0.0021392376541292664	CD8+_T_Effector_Memory	+	6	T	G	0.0698085	0.617084	3.84256e-06	0.0151153	Bian	32636221.0	1.3478260869565215	0.3276	False	0.9966887417218544
rs9273556	HLA-DRA	0.0523589722151914	3.28456228043857	0.0010619786925856	0.0021392376541292664	CD8+_T_Effector_Memory	+	6	C	G	0.0697173	0.613458	3.95801e-06	0.0151157	Bian	32628953.0	1.3478260869565215	0.3276	False	0.9966887417218544
rs9274551	HLA-DRB5	0.209429929206192	6.15499026410186	1.14220308049074e-09	6.804614096540579e-09	CD8+_T_Effector_Memory	-	6	C	T	0.0704744	0.616801	3.07063e-06	0.0151081	Bian	32634834.0	1.3391304347826087	0.3276	False	1.0
rs9274557	HLA-DRB5	0.193174003757242	5.72310304094746	1.43642485971537e-08	6.934464840005233e-08	CD8+_T_Effector_Memory	-	6	G	T	0.0704589	0.616363	3.14601e-06	0.0151209	Bian	32634887.0	1.3478260869565215	0.3294	False	1.0
rs9274555	HLA-DRB5	0.193174003757242	5.72310304094746	1.43642485971537e-08	6.934464840005233e-08	CD8+_T_Effector_Memory	-	6	C	T	0.0704553	0.616362	3.1497e-06	0.0151209	Bian	32634882.0	1.3478260869565215	0.3276	False	1.0
rs9274556	HLA-DRB5	0.193174003757242	5.72310304094746	1.43642485971537e-08	6.934464840005233e-08	CD8+_T_Effector_Memory	-	6	C	T	0.0704553	0.616362	3.1497e-06	0.0151209	Bian	32634883.0	1.3478260869565215	0.3279999999999999	False	1.0
rs607929	HLA-DRB5	-0.28029203770725	-8.72789139360708	1.29684677642378e-17	1.5787699886898193e-16	CD8+_T_Effector_Memory	-	6	C	G	-0.0582575294183045	0.4514	3.285e-06	0.0116717416124077	Both	32586998.0	0.9043478260869564	0.485	False	1.0
rs9274596	HLA-DRB5	0.136851123330056	4.42978398270859	1.06278245245584e-05	3.500930431619238e-05	CD8+_T_Effector_Memory	-	6	G	T	0.0701984	0.613318	3.29582e-06	0.0150961	Bian	32635467.0	1.2608695652173914	0.3279999999999999	False	1.0
rs9274594	HLA-DRB5	0.136981000684853	4.37156754828365	1.38178067471301e-05	4.3787049424762005e-05	CD8+_T_Effector_Memory	-	6	C	T	0.0701678	0.613015	3.33355e-06	0.0150971	Bian	32635435.0	1.2869565217391303	0.3279999999999999	False	1.0
rs9273510	HLA-DRB5	0.264930455779553	7.62953252018232	6.14814731038493e-14	4.1987347485555615e-13	CD8+_T_Effector_Memory	-	6	G	C	0.0701717	0.614357	3.34127e-06	0.0150995	Bian	32628474.0	1.2545454545454546	0.3287	False	1.0
rs9273509	HLA-DRB5	0.264930455779553	7.62953252018232	6.14814731038493e-14	4.1987347485555615e-13	CD8+_T_Effector_Memory	-	6	T	C	0.0701717	0.614357	3.34127e-06	0.0150995	Bian	32628473.0	1.2545454545454546	0.3279999999999999	False	1.0
rs796429679	HLA-DRB5	0.193174003757242	5.72310304094746	1.43642485971537e-08	6.934464840005233e-08	CD8+_T_Effector_Memory	-	6	T	C	0.070309	0.61576	3.3708e-06	0.0151349	Bian	32634103.0	1.3478260869565215	0.3288999999999999	False	1.0
rs28366264	HLA-DRB5	0.52589500439055	11.3909345495612	3.9765391482933397e-28	5.567154807610676e-26	CD8+_T_Effector_Memory	-	6	T	A	0.100463	0.156528	3.44975e-06	0.0216534	Bian	32559674.0	0.3565217391304348	0.1683	False	1.0
rs9272323	HLA-DRB5	0.350900508125613	9.83839524458497	9.8199348918671e-22	1.5275454276237712e-20	CD8+_T_Effector_Memory	-	6	C	T	0.0720903	0.357149	3.47011e-06	0.0155387	Bian	32604151.0	0.8173913043478261	0.3922	False	1.0
rs1130430	HLA-DRB5	0.193174003757242	5.72310304094746	1.43642485971537e-08	6.934464840005233e-08	CD8+_T_Effector_Memory	-	6	A	G	0.070152	0.611509	3.47341e-06	0.0151213	Bian	32629161.0	1.3478260869565215	0.3279999999999999	False	1.0
rs9274537	HLA-DRB5	0.192871712362262	5.71124866327446	1.53630225016921e-08	7.169410500789647e-08	CD8+_T_Effector_Memory	-	6	G	A	0.0700413	0.613369	3.48576e-06	0.0150998	Bian	32634655.0	1.350877192982456	0.3279999999999999	False	1.0
rs9274536	HLA-DRB5	0.192871712362262	5.71124866327446	1.53630225016921e-08	7.169410500789647e-08	CD8+_T_Effector_Memory	-	6	C	T	0.0699612	0.613394	3.57612e-06	0.0150997	Bian	32634634.0	1.350877192982456	0.3279999999999999	False	1.0
rs3020625	HLA-DRB5	0.193174003757242	5.72310304094746	1.43642485971537e-08	6.934464840005233e-08	CD8+_T_Effector_Memory	-	6	A	C	0.0698684	0.613266	3.7257e-06	0.0151074	Bian	32628835.0	1.3478260869565215	0.3287	False	1.0
rs281864453	HLA-DRB5	0.193174003757242	5.72310304094746	1.43642485971537e-08	6.934464840005233e-08	CD8+_T_Effector_Memory	-	6	C	G	0.0698404	0.613805	3.79354e-06	0.0151135	Bian	32628065.0	1.3478260869565215	0.3276	False	1.0
rs3828806	HLA-DRB5	0.193174003757242	5.72310304094746	1.43642485971537e-08	6.934464840005233e-08	CD8+_T_Effector_Memory	-	6	C	T	0.0697595	0.614372	3.81747e-06	0.0151003	Bian	32636130.0	1.3478260869565215	0.3287	False	1.0
rs3828807	HLA-DRB5	0.193174003757242	5.72310304094746	1.43642485971537e-08	6.934464840005233e-08	CD8+_T_Effector_Memory	-	6	G	C	0.0697595	0.614372	3.81747e-06	0.0151003	Bian	32636131.0	1.3478260869565215	0.3283	False	1.0
rs3828811	HLA-DRB5	0.193174003757242	5.72310304094746	1.43642485971537e-08	6.934464840005233e-08	CD8+_T_Effector_Memory	-	6	T	G	0.0698085	0.617084	3.84256e-06	0.0151153	Bian	32636221.0	1.3478260869565215	0.3276	False	1.0
rs9273556	HLA-DRB5	0.193174003757242	5.72310304094746	1.43642485971537e-08	6.934464840005233e-08	CD8+_T_Effector_Memory	-	6	C	G	0.0697173	0.613458	3.95801e-06	0.0151157	Bian	32628953.0	1.3478260869565215	0.3276	False	1.0
rs9274551	HLA-DQA1	0.045877190405097	3.73190088242826	0.0002023077702375	0.0004968962777763158	CD8+_T_Effector_Memory	+	6	C	T	0.0704744	0.616801	3.07063e-06	0.0151081	Bian	32634834.0	1.3391304347826087	0.3276	False	0.9966887417218544
rs9274557	HLA-DQA1	0.0358485849377719	2.93918960997651	0.003377242107015	0.005529987075814035	CD8+_T_Effector_Memory	+	6	G	T	0.0704589	0.616363	3.14601e-06	0.0151209	Bian	32634887.0	1.3478260869565215	0.3294	False	0.9966887417218544
rs9274555	HLA-DQA1	0.0358485849377719	2.93918960997651	0.003377242107015	0.005529987075814035	CD8+_T_Effector_Memory	+	6	C	T	0.0704553	0.616362	3.1497e-06	0.0151209	Bian	32634882.0	1.3478260869565215	0.3276	False	0.9966887417218544
rs9274556	HLA-DQA1	0.0358485849377719	2.93918960997651	0.003377242107015	0.005529987075814035	CD8+_T_Effector_Memory	+	6	C	T	0.0704553	0.616362	3.1497e-06	0.0151209	Bian	32634883.0	1.3478260869565215	0.3279999999999999	False	0.9966887417218544
rs607929	HLA-DQA1	-0.0283183834815011	-2.37991286193639	0.017530106897929	0.021890564334658878	CD8+_T_Effector_Memory	+	6	C	G	-0.0582575294183045	0.4514	3.285e-06	0.0116717416124077	Both	32586998.0	0.9043478260869564	0.485	False	0.9966887417218544
rs9274596	HLA-DQA1	0.0276025347615401	2.48723238747734	0.0130594474065241	0.01749591040108492	CD8+_T_Effector_Memory	+	6	G	T	0.0701984	0.613318	3.29582e-06	0.0150961	Bian	32635467.0	1.2608695652173914	0.3279999999999999	False	0.9966887417218544
rs9274594	HLA-DQA1	0.0269955487922697	2.39838915405507	0.0166758522416614	0.021517228698917937	CD8+_T_Effector_Memory	+	6	C	T	0.0701678	0.613015	3.33355e-06	0.0150971	Bian	32635435.0	1.2869565217391303	0.3279999999999999	False	0.9966887417218544
rs9273510	HLA-DQA1	0.0539788288001087	4.26572360130903	2.20962426967919e-05	6.378296860929621e-05	CD8+_T_Effector_Memory	+	6	G	C	0.0701717	0.614357	3.34127e-06	0.0150995	Bian	32628474.0	1.2545454545454546	0.3287	False	0.9966887417218544
rs9273509	HLA-DQA1	0.0539788288001087	4.26572360130903	2.20962426967919e-05	6.378296860929621e-05	CD8+_T_Effector_Memory	+	6	T	C	0.0701717	0.614357	3.34127e-06	0.0150995	Bian	32628473.0	1.2545454545454546	0.3279999999999999	False	0.9966887417218544
rs796429679	HLA-DQA1	0.0358485849377719	2.93918960997651	0.003377242107015	0.005529987075814035	CD8+_T_Effector_Memory	+	6	T	C	0.070309	0.61576	3.3708e-06	0.0151349	Bian	32634103.0	1.3478260869565215	0.3288999999999999	False	0.9966887417218544
rs9272323	HLA-DQA1	0.0404449375290783	3.03398334064851	0.0024848079211719	0.004831570957834251	CD8+_T_Effector_Memory	+	6	C	T	0.0720903	0.357149	3.47011e-06	0.0155387	Bian	32604151.0	0.8173913043478261	0.3922	False	0.9966887417218544
rs1130430	HLA-DQA1	0.0358485849377719	2.93918960997651	0.003377242107015	0.005529987075814035	CD8+_T_Effector_Memory	+	6	A	G	0.070152	0.611509	3.47341e-06	0.0151213	Bian	32629161.0	1.3478260869565215	0.3279999999999999	False	0.9966887417218544
rs9274537	HLA-DQA1	0.0356957582848885	2.92525814114141	0.0035306369551032	0.0057143257076814795	CD8+_T_Effector_Memory	+	6	G	A	0.0700413	0.613369	3.48576e-06	0.0150998	Bian	32634655.0	1.350877192982456	0.3279999999999999	False	0.9966887417218544
rs9274536	HLA-DQA1	0.0356957582848885	2.92525814114141	0.0035306369551032	0.0057143257076814795	CD8+_T_Effector_Memory	+	6	C	T	0.0699612	0.613394	3.57612e-06	0.0150997	Bian	32634634.0	1.350877192982456	0.3279999999999999	False	0.9966887417218544
rs3020625	HLA-DQA1	0.0358485849377719	2.93918960997651	0.003377242107015	0.005529987075814035	CD8+_T_Effector_Memory	+	6	A	C	0.0698684	0.613266	3.7257e-06	0.0151074	Bian	32628835.0	1.3478260869565215	0.3287	False	0.9966887417218544
rs281864453	HLA-DQA1	0.0358485849377719	2.93918960997651	0.003377242107015	0.005529987075814035	CD8+_T_Effector_Memory	+	6	C	G	0.0698404	0.613805	3.79354e-06	0.0151135	Bian	32628065.0	1.3478260869565215	0.3276	False	0.9966887417218544
rs3828806	HLA-DQA1	0.0358485849377719	2.93918960997651	0.003377242107015	0.005529987075814035	CD8+_T_Effector_Memory	+	6	C	T	0.0697595	0.614372	3.81747e-06	0.0151003	Bian	32636130.0	1.3478260869565215	0.3287	False	0.9966887417218544
rs3828807	HLA-DQA1	0.0358485849377719	2.93918960997651	0.003377242107015	0.005529987075814035	CD8+_T_Effector_Memory	+	6	G	C	0.0697595	0.614372	3.81747e-06	0.0151003	Bian	32636131.0	1.3478260869565215	0.3283	False	0.9966887417218544
rs3828811	HLA-DQA1	0.0358485849377719	2.93918960997651	0.003377242107015	0.005529987075814035	CD8+_T_Effector_Memory	+	6	T	G	0.0698085	0.617084	3.84256e-06	0.0151153	Bian	32636221.0	1.3478260869565215	0.3276	False	0.9966887417218544
rs9273556	HLA-DQA1	0.0358485849377719	2.93918960997651	0.003377242107015	0.005529987075814035	CD8+_T_Effector_Memory	+	6	C	G	0.0697173	0.613458	3.95801e-06	0.0151157	Bian	32628953.0	1.3478260869565215	0.3276	False	0.9966887417218544
rs9275529	HLA-DQB1	-0.0288205526145408	-2.13839362651698	0.0327611825820372	0.035281273549886215	CD8+_T_Effector_Memory	-	6	C	T	-0.0611498696331691	0.2311999999999999	3.299e-06	0.013063742824846	Both	32675430.0	0.6086956521739131	0.3085	False	0.9966887417218544
rs9275580	HLA-DQB1	-0.0288205526145408	-2.13839362651698	0.0327611825820372	0.035281273549886215	CD8+_T_Effector_Memory	-	6	A	G	-0.0609273902412732	0.2308	3.622e-06	0.0130594493961898	Both	32679462.0	0.6086956521739131	0.3085	False	0.9966887417218544
rs9275052	HLA-DQB1	-0.0707316547866988	-4.9269994947169	9.98488086451576e-07	3.494708302580516e-06	CD8+_T_Effector_Memory	-	6	G	A	-0.1048535838826529	0.593878	3.833e-06	0.0174405097092297	RBDSonly	32648156.0	1.5043478260869565	0.2418	False	0.9966887417218544
rs9275568	HLA-DQB1	-0.0288205526145408	-2.13839362651698	0.0327611825820372	0.035281273549886215	CD8+_T_Effector_Memory	-	6	A	C	-0.0607875029534629	0.2307	3.882e-06	0.0130614733395692	Both	32678135.0	0.6086956521739131	0.3092	False	0.9966887417218544
rs9275546	HLA-DQB1	-0.0267527896323152	-1.97627761176405	0.0484370476752079	0.0484370476752079	CD8+_T_Effector_Memory	-	6	T	G	-0.060784242630351	0.2308	3.898e-06	0.0130620759499057	Both	32676445.0	0.6052631578947368	0.3085	False	0.9966887417218544
rs9275534	HLA-DQB1	-0.0288205526145408	-2.13839362651698	0.0327611825820372	0.035281273549886215	CD8+_T_Effector_Memory	-	6	C	T	-0.0607866840909533	0.2308	3.906e-06	0.013061163528796	Both	32675767.0	0.6086956521739131	0.3085	False	0.9966887417218544
rs9275571	HLA-DQB1	-0.0288205526145408	-2.13839362651698	0.0327611825820372	0.035281273549886215	CD8+_T_Effector_Memory	-	6	T	G	-0.0607545114350762	0.2307	3.942e-06	0.0130612385737035	Both	32678847.0	0.6086956521739131	0.3085	False	0.9966887417218544
rs9275558	HLA-DQB1	-0.0288205526145408	-2.13839362651698	0.0327611825820372	0.035281273549886215	CD8+_T_Effector_Memory	-	6	G	T	-0.060728885678307	0.2306	3.986e-06	0.0130614534325663	Both	32677427.0	0.6086956521739131	0.3085	False	0.9966887417218544
rs9274551	HLA-DQA2	0.123448699271372	8.41095590250042	1.64236536880929e-16	1.916092930277505e-15	CD8+_T_Effector_Memory	+	6	C	T	0.0704744	0.616801	3.07063e-06	0.0151081	Bian	32634834.0	1.3391304347826087	0.3276	False	0.890728476821192
rs9274557	HLA-DQA2	0.113803655170028	7.79716496685232	1.79642220590561e-14	1.2897390196245405e-13	CD8+_T_Effector_Memory	+	6	G	T	0.0704589	0.616363	3.14601e-06	0.0151209	Bian	32634887.0	1.3478260869565215	0.3294	False	0.890728476821192
rs9274555	HLA-DQA2	0.113803655170028	7.79716496685232	1.79642220590561e-14	1.2897390196245405e-13	CD8+_T_Effector_Memory	+	6	C	T	0.0704553	0.616362	3.1497e-06	0.0151209	Bian	32634882.0	1.3478260869565215	0.3276	False	0.890728476821192
rs9274556	HLA-DQA2	0.113803655170028	7.79716496685232	1.79642220590561e-14	1.2897390196245405e-13	CD8+_T_Effector_Memory	+	6	C	T	0.0704553	0.616362	3.1497e-06	0.0151209	Bian	32634883.0	1.3478260869565215	0.3279999999999999	False	0.890728476821192
rs607929	HLA-DQA2	-0.138629482920081	-9.94928133016104	3.62498604522698e-22	5.9705652509620846e-21	CD8+_T_Effector_Memory	+	6	C	G	-0.0582575294183045	0.4514	3.285e-06	0.0116717416124077	Both	32586998.0	0.9043478260869564	0.485	False	0.890728476821192
rs9274596	HLA-DQA2	0.0909129089202079	6.80178624667971	1.91377309730007e-11	1.27584873153338e-10	CD8+_T_Effector_Memory	+	6	G	T	0.0701984	0.613318	3.29582e-06	0.0150961	Bian	32635467.0	1.2608695652173914	0.3279999999999999	False	0.890728476821192
rs9274594	HLA-DQA2	0.0911649175321859	6.72263913375162	3.21672934202469e-11	2.0946144552718908e-10	CD8+_T_Effector_Memory	+	6	C	T	0.0701678	0.613015	3.33355e-06	0.0150971	Bian	32635435.0	1.2869565217391303	0.3279999999999999	False	0.890728476821192
rs9273510	HLA-DQA2	0.141770883337382	9.45310453774639	2.9260471680228004e-20	3.9013962240304006e-19	CD8+_T_Effector_Memory	+	6	G	C	0.0701717	0.614357	3.34127e-06	0.0150995	Bian	32628474.0	1.2545454545454546	0.3287	False	0.890728476821192
rs9273509	HLA-DQA2	0.141770883337382	9.45310453774639	2.9260471680228004e-20	3.9013962240304006e-19	CD8+_T_Effector_Memory	+	6	T	C	0.0701717	0.614357	3.34127e-06	0.0150995	Bian	32628473.0	1.2545454545454546	0.3279999999999999	False	0.890728476821192
rs796429679	HLA-DQA2	0.113803655170028	7.79716496685232	1.79642220590561e-14	1.2897390196245405e-13	CD8+_T_Effector_Memory	+	6	T	C	0.070309	0.61576	3.3708e-06	0.0151349	Bian	32634103.0	1.3478260869565215	0.3288999999999999	False	0.890728476821192
rs28366264	HLA-DQA2	0.105125741349816	4.90599675803182	1.10830502472296e-06	3.831177863239862e-06	CD8+_T_Effector_Memory	+	6	T	A	0.100463	0.156528	3.44975e-06	0.0216534	Bian	32559674.0	0.3565217391304348	0.1683	False	0.890728476821192
rs9272323	HLA-DQA2	0.224087049532286	15.284517339092	6.36514557371115e-47	1.782240760639122e-44	CD8+_T_Effector_Memory	+	6	C	T	0.0720903	0.357149	3.47011e-06	0.0155387	Bian	32604151.0	0.8173913043478261	0.3922	False	0.890728476821192
rs1130430	HLA-DQA2	0.113803655170028	7.79716496685232	1.79642220590561e-14	1.2897390196245405e-13	CD8+_T_Effector_Memory	+	6	A	G	0.070152	0.611509	3.47341e-06	0.0151213	Bian	32629161.0	1.3478260869565215	0.3279999999999999	False	0.890728476821192
rs9274537	HLA-DQA2	0.11391568401706	7.80176299454575	1.73625886956644e-14	1.2897390196245405e-13	CD8+_T_Effector_Memory	+	6	G	A	0.0700413	0.613369	3.48576e-06	0.0150998	Bian	32634655.0	1.350877192982456	0.3279999999999999	False	0.890728476821192
rs9274536	HLA-DQA2	0.11391568401706	7.80176299454575	1.73625886956644e-14	1.2897390196245405e-13	CD8+_T_Effector_Memory	+	6	C	T	0.0699612	0.613394	3.57612e-06	0.0150997	Bian	32634634.0	1.350877192982456	0.3279999999999999	False	0.890728476821192
rs3020625	HLA-DQA2	0.113803655170028	7.79716496685232	1.79642220590561e-14	1.2897390196245405e-13	CD8+_T_Effector_Memory	+	6	A	C	0.0698684	0.613266	3.7257e-06	0.0151074	Bian	32628835.0	1.3478260869565215	0.3287	False	0.890728476821192
rs281864453	HLA-DQA2	0.113803655170028	7.79716496685232	1.79642220590561e-14	1.2897390196245405e-13	CD8+_T_Effector_Memory	+	6	C	G	0.0698404	0.613805	3.79354e-06	0.0151135	Bian	32628065.0	1.3478260869565215	0.3276	False	0.890728476821192
rs3828806	HLA-DQA2	0.113803655170028	7.79716496685232	1.79642220590561e-14	1.2897390196245405e-13	CD8+_T_Effector_Memory	+	6	C	T	0.0697595	0.614372	3.81747e-06	0.0151003	Bian	32636130.0	1.3478260869565215	0.3287	False	0.890728476821192
rs3828807	HLA-DQA2	0.113803655170028	7.79716496685232	1.79642220590561e-14	1.2897390196245405e-13	CD8+_T_Effector_Memory	+	6	G	C	0.0697595	0.614372	3.81747e-06	0.0151003	Bian	32636131.0	1.3478260869565215	0.3283	False	0.890728476821192
rs3828811	HLA-DQA2	0.113803655170028	7.79716496685232	1.79642220590561e-14	1.2897390196245405e-13	CD8+_T_Effector_Memory	+	6	T	G	0.0698085	0.617084	3.84256e-06	0.0151153	Bian	32636221.0	1.3478260869565215	0.3276	False	0.890728476821192
rs9273556	HLA-DQA2	0.113803655170028	7.79716496685232	1.79642220590561e-14	1.2897390196245405e-13	CD8+_T_Effector_Memory	+	6	C	G	0.0697173	0.613458	3.95801e-06	0.0151157	Bian	32628953.0	1.3478260869565215	0.3276	False	0.890728476821192
rs9274551	HLA-DQB2	0.0047842228804169	5.25469352386437	1.86365773410272e-07	7.69116263356389e-07	CD8+_T_Effector_Memory	-	6	C	T	0.0704744	0.616801	3.07063e-06	0.0151081	Bian	32634834.0	1.3391304347826087	0.3276	False	0.652317880794702
rs9274557	HLA-DQB2	0.0047115057451114	5.23061725468397	2.11506972423007e-07	7.69116263356389e-07	CD8+_T_Effector_Memory	-	6	G	T	0.0704589	0.616363	3.14601e-06	0.0151209	Bian	32634887.0	1.3478260869565215	0.3294	False	0.652317880794702
rs9274555	HLA-DQB2	0.0047115057451114	5.23061725468397	2.11506972423007e-07	7.69116263356389e-07	CD8+_T_Effector_Memory	-	6	C	T	0.0704553	0.616362	3.1497e-06	0.0151209	Bian	32634882.0	1.3478260869565215	0.3276	False	0.652317880794702
rs9274556	HLA-DQB2	0.0047115057451114	5.23061725468397	2.11506972423007e-07	7.69116263356389e-07	CD8+_T_Effector_Memory	-	6	C	T	0.0704553	0.616362	3.1497e-06	0.0151209	Bian	32634883.0	1.3478260869565215	0.3279999999999999	False	0.652317880794702
rs607929	HLA-DQB2	-0.0040622452183682	-4.61492863088694	4.52028083934782e-06	1.5249140180932404e-05	CD8+_T_Effector_Memory	-	6	C	G	-0.0582575294183045	0.4514	3.285e-06	0.0116717416124077	Both	32586998.0	0.9043478260869564	0.485	False	0.652317880794702
rs9274596	HLA-DQB2	0.0035636999190563	4.33346170550098	1.63810446274054e-05	4.828097363866855e-05	CD8+_T_Effector_Memory	-	6	G	T	0.0701984	0.613318	3.29582e-06	0.0150961	Bian	32635467.0	1.2608695652173914	0.3279999999999999	False	0.652317880794702
rs9274594	HLA-DQB2	0.0036257837000438	4.34844939399941	1.53229304721027e-05	4.613355410955652e-05	CD8+_T_Effector_Memory	-	6	C	T	0.0701678	0.613015	3.33355e-06	0.0150971	Bian	32635435.0	1.2869565217391303	0.3279999999999999	False	0.652317880794702
rs9273510	HLA-DQB2	0.0049784326567487	5.30079763321132	1.46052021211273e-07	6.291471682947145e-07	CD8+_T_Effector_Memory	-	6	G	C	0.0701717	0.614357	3.34127e-06	0.0150995	Bian	32628474.0	1.2545454545454546	0.3287	False	0.652317880794702
rs9273509	HLA-DQB2	0.0049784326567487	5.30079763321132	1.46052021211273e-07	6.291471682947145e-07	CD8+_T_Effector_Memory	-	6	T	C	0.0701717	0.614357	3.34127e-06	0.0150995	Bian	32628473.0	1.2545454545454546	0.3279999999999999	False	0.652317880794702
rs796429679	HLA-DQB2	0.0047115057451114	5.23061725468397	2.11506972423007e-07	7.69116263356389e-07	CD8+_T_Effector_Memory	-	6	T	C	0.070309	0.61576	3.3708e-06	0.0151349	Bian	32634103.0	1.3478260869565215	0.3288999999999999	False	0.652317880794702
rs28366264	HLA-DQB2	0.0052626176016548	4.03500812775472	5.93754356639799e-05	0.00016241145590251412	CD8+_T_Effector_Memory	-	6	T	A	0.100463	0.156528	3.44975e-06	0.0216534	Bian	32559674.0	0.3565217391304348	0.1683	False	0.652317880794702
rs9272323	HLA-DQB2	0.0055600135518506	5.66039688515102	2.04695478927678e-08	9.395858049139318e-08	CD8+_T_Effector_Memory	-	6	C	T	0.0720903	0.357149	3.47011e-06	0.0155387	Bian	32604151.0	0.8173913043478261	0.3922	False	0.652317880794702
rs1130430	HLA-DQB2	0.0047115057451114	5.23061725468397	2.11506972423007e-07	7.69116263356389e-07	CD8+_T_Effector_Memory	-	6	A	G	0.070152	0.611509	3.47341e-06	0.0151213	Bian	32629161.0	1.3478260869565215	0.3279999999999999	False	0.652317880794702
rs9274537	HLA-DQB2	0.0046983464506543	5.21322681571713	2.31677503897879e-07	8.211354568532421e-07	CD8+_T_Effector_Memory	-	6	G	A	0.0700413	0.613369	3.48576e-06	0.0150998	Bian	32634655.0	1.350877192982456	0.3279999999999999	False	0.652317880794702
rs9274536	HLA-DQB2	0.0046983464506543	5.21322681571713	2.31677503897879e-07	8.211354568532421e-07	CD8+_T_Effector_Memory	-	6	C	T	0.0699612	0.613394	3.57612e-06	0.0150997	Bian	32634634.0	1.350877192982456	0.3279999999999999	False	0.652317880794702
rs3020625	HLA-DQB2	0.0047115057451114	5.23061725468397	2.11506972423007e-07	7.69116263356389e-07	CD8+_T_Effector_Memory	-	6	A	C	0.0698684	0.613266	3.7257e-06	0.0151074	Bian	32628835.0	1.3478260869565215	0.3287	False	0.652317880794702
rs281864453	HLA-DQB2	0.0047115057451114	5.23061725468397	2.11506972423007e-07	7.69116263356389e-07	CD8+_T_Effector_Memory	-	6	C	G	0.0698404	0.613805	3.79354e-06	0.0151135	Bian	32628065.0	1.3478260869565215	0.3276	False	0.652317880794702
rs3828806	HLA-DQB2	0.0047115057451114	5.23061725468397	2.11506972423007e-07	7.69116263356389e-07	CD8+_T_Effector_Memory	-	6	C	T	0.0697595	0.614372	3.81747e-06	0.0151003	Bian	32636130.0	1.3478260869565215	0.3287	False	0.652317880794702
rs3828807	HLA-DQB2	0.0047115057451114	5.23061725468397	2.11506972423007e-07	7.69116263356389e-07	CD8+_T_Effector_Memory	-	6	G	C	0.0697595	0.614372	3.81747e-06	0.0151003	Bian	32636131.0	1.3478260869565215	0.3283	False	0.652317880794702
rs3828811	HLA-DQB2	0.0047115057451114	5.23061725468397	2.11506972423007e-07	7.69116263356389e-07	CD8+_T_Effector_Memory	-	6	T	G	0.0698085	0.617084	3.84256e-06	0.0151153	Bian	32636221.0	1.3478260869565215	0.3276	False	0.652317880794702
rs9273556	HLA-DQB2	0.0047115057451114	5.23061725468397	2.11506972423007e-07	7.69116263356389e-07	CD8+_T_Effector_Memory	-	6	C	G	0.0697173	0.613458	3.95801e-06	0.0151157	Bian	32628953.0	1.3478260869565215	0.3276	False	0.652317880794702
rs9274551	HLA-DPB1	0.0523024743548566	2.59253000470591	0.0096862432727535	0.014581441485865484	CD8+_T_Effector_Memory	+	6	C	T	0.0704744	0.616801	3.07063e-06	0.0151081	Bian	32634834.0	1.3391304347826087	0.3276	False	1.0
rs9274557	HLA-DPB1	0.0504292445023708	2.5264966406968	0.0116959673422199	0.016539751797078645	CD8+_T_Effector_Memory	+	6	G	T	0.0704589	0.616363	3.14601e-06	0.0151209	Bian	32634887.0	1.3478260869565215	0.3294	False	1.0
rs9274555	HLA-DPB1	0.0504292445023708	2.5264966406968	0.0116959673422199	0.016539751797078645	CD8+_T_Effector_Memory	+	6	C	T	0.0704553	0.616362	3.1497e-06	0.0151209	Bian	32634882.0	1.3478260869565215	0.3276	False	1.0
rs9274556	HLA-DPB1	0.0504292445023708	2.5264966406968	0.0116959673422199	0.016539751797078645	CD8+_T_Effector_Memory	+	6	C	T	0.0704553	0.616362	3.1497e-06	0.0151209	Bian	32634883.0	1.3478260869565215	0.3279999999999999	False	1.0
rs607929	HLA-DPB1	-0.0534701994584739	-2.75239624359035	0.0060385174808848	0.009606732355953091	CD8+_T_Effector_Memory	+	6	C	G	-0.0582575294183045	0.4514	3.285e-06	0.0116717416124077	Both	32586998.0	0.9043478260869564	0.485	False	1.0
rs9273510	HLA-DPB1	0.0803960342421178	3.88038755189596	0.0001121199015203	0.0002803936964553274	CD8+_T_Effector_Memory	+	6	G	C	0.0701717	0.614357	3.34127e-06	0.0150995	Bian	32628474.0	1.2545454545454546	0.3287	False	1.0
rs9273509	HLA-DPB1	0.0803960342421178	3.88038755189596	0.0001121199015203	0.0002803936964553274	CD8+_T_Effector_Memory	+	6	T	C	0.0701717	0.614357	3.34127e-06	0.0150995	Bian	32628473.0	1.2545454545454546	0.3279999999999999	False	1.0
rs796429679	HLA-DPB1	0.0504292445023708	2.5264966406968	0.0116959673422199	0.016539751797078645	CD8+_T_Effector_Memory	+	6	T	C	0.070309	0.61576	3.3708e-06	0.0151349	Bian	32634103.0	1.3478260869565215	0.3288999999999999	False	1.0
rs28366264	HLA-DPB1	0.0865408937788264	3.0175823467203	0.0026218115812309	0.0049939268213921905	CD8+_T_Effector_Memory	+	6	T	A	0.100463	0.156528	3.44975e-06	0.0216534	Bian	32559674.0	0.3565217391304348	0.1683	False	1.0
rs9272323	HLA-DPB1	0.0595218887781446	2.72916358282252	0.0064769478598025	0.010246019213246893	CD8+_T_Effector_Memory	+	6	C	T	0.0720903	0.357149	3.47011e-06	0.0155387	Bian	32604151.0	0.8173913043478261	0.3922	False	1.0
rs1130430	HLA-DPB1	0.0504292445023708	2.5264966406968	0.0116959673422199	0.016539751797078645	CD8+_T_Effector_Memory	+	6	A	G	0.070152	0.611509	3.47341e-06	0.0151213	Bian	32629161.0	1.3478260869565215	0.3279999999999999	False	1.0
rs9274537	HLA-DPB1	0.0497548811770093	2.49138370653124	0.0129089159951876	0.017377386916598694	CD8+_T_Effector_Memory	+	6	G	A	0.0700413	0.613369	3.48576e-06	0.0150998	Bian	32634655.0	1.350877192982456	0.3279999999999999	False	1.0
rs9274536	HLA-DPB1	0.0497548811770093	2.49138370653124	0.0129089159951876	0.017377386916598694	CD8+_T_Effector_Memory	+	6	C	T	0.0699612	0.613394	3.57612e-06	0.0150997	Bian	32634634.0	1.350877192982456	0.3279999999999999	False	1.0
rs3020625	HLA-DPB1	0.0504292445023708	2.5264966406968	0.0116959673422199	0.016539751797078645	CD8+_T_Effector_Memory	+	6	A	C	0.0698684	0.613266	3.7257e-06	0.0151074	Bian	32628835.0	1.3478260869565215	0.3287	False	1.0
rs281864453	HLA-DPB1	0.0504292445023708	2.5264966406968	0.0116959673422199	0.016539751797078645	CD8+_T_Effector_Memory	+	6	C	G	0.0698404	0.613805	3.79354e-06	0.0151135	Bian	32628065.0	1.3478260869565215	0.3276	False	1.0
rs3828806	HLA-DPB1	0.0504292445023708	2.5264966406968	0.0116959673422199	0.016539751797078645	CD8+_T_Effector_Memory	+	6	C	T	0.0697595	0.614372	3.81747e-06	0.0151003	Bian	32636130.0	1.3478260869565215	0.3287	False	1.0
rs3828807	HLA-DPB1	0.0504292445023708	2.5264966406968	0.0116959673422199	0.016539751797078645	CD8+_T_Effector_Memory	+	6	G	C	0.0697595	0.614372	3.81747e-06	0.0151003	Bian	32636131.0	1.3478260869565215	0.3283	False	1.0
rs3828811	HLA-DPB1	0.0504292445023708	2.5264966406968	0.0116959673422199	0.016539751797078645	CD8+_T_Effector_Memory	+	6	T	G	0.0698085	0.617084	3.84256e-06	0.0151153	Bian	32636221.0	1.3478260869565215	0.3276	False	1.0
rs9273556	HLA-DPB1	0.0504292445023708	2.5264966406968	0.0116959673422199	0.016539751797078645	CD8+_T_Effector_Memory	+	6	C	G	0.0697173	0.613458	3.95801e-06	0.0151157	Bian	32628953.0	1.3478260869565215	0.3276	False	1.0
rs732162	LTB	0.0787251311760202	3.02716695768033	0.0025409307429143	0.0048730178631233145	CD8+_T_Effector_Memory	-	6	G	A	0.0755708	0.326447	3.07891e-06	0.0162037	Bian	32394913.0	1.008695652173913	0.4669	True	1.0
rs2157333	LTB	0.0787251311760202	3.02716695768033	0.0025409307429143	0.0048730178631233145	CD8+_T_Effector_Memory	-	6	T	C	0.0749355	0.326389	3.7258e-06	0.0162042	Bian	32392591.0	1.008695652173913	0.4672	False	1.0
rs732162	LST1	0.0152055048350958	2.40903627960677	0.0162003941835627	0.02106795536221885	CD8+_T_Effector_Memory	+	6	G	A	0.0755708	0.326447	3.07891e-06	0.0162037	Bian	32394913.0	1.008695652173913	0.4669	True	0.9966887417218544
rs2157333	LST1	0.0152055048350958	2.40903627960677	0.0162003941835627	0.02106795536221885	CD8+_T_Effector_Memory	+	6	T	C	0.0749355	0.326389	3.7258e-06	0.0162042	Bian	32392591.0	1.008695652173913	0.4672	False	0.9966887417218544
rs732162	NCR3	0.0400518667531964	3.42043570312837	0.00065414149236	0.0014891025842341463	CD8+_T_Effector_Memory	-	6	G	A	0.0755708	0.326447	3.07891e-06	0.0162037	Bian	32394913.0	1.008695652173913	0.4669	True	0.9966887417218544
rs2157333	NCR3	0.0400518667531964	3.42043570312837	0.00065414149236	0.0014891025842341463	CD8+_T_Effector_Memory	-	6	T	C	0.0749355	0.326389	3.7258e-06	0.0162042	Bian	32392591.0	1.008695652173913	0.4672	False	0.9966887417218544
rs9275529	AGER	-0.0030523023652246	-2.14053383072357	0.0325874904733846	0.035281273549886215	CD8+_T_Effector_Memory	-	6	C	T	-0.0611498696331691	0.2311999999999999	3.299e-06	0.013063742824846	Both	32675430.0	0.6086956521739131	0.3085	False	0.9635761589403974
rs9275580	AGER	-0.0030523023652246	-2.14053383072357	0.0325874904733846	0.035281273549886215	CD8+_T_Effector_Memory	-	6	A	G	-0.0609273902412732	0.2308	3.622e-06	0.0130594493961898	Both	32679462.0	0.6086956521739131	0.3085	False	0.9635761589403974
rs9275052	AGER	-0.0034021171878214	-2.21563108493704	0.0269734970366121	0.032460086749916454	CD8+_T_Effector_Memory	-	6	G	A	-0.1048535838826529	0.593878	3.833e-06	0.0174405097092297	RBDSonly	32648156.0	1.5043478260869565	0.2418	False	0.9635761589403974
rs9275568	AGER	-0.0030523023652246	-2.14053383072357	0.0325874904733846	0.035281273549886215	CD8+_T_Effector_Memory	-	6	A	C	-0.0607875029534629	0.2307	3.882e-06	0.0130614733395692	Both	32678135.0	0.6086956521739131	0.3092	False	0.9635761589403974
rs9275546	AGER	-0.0031544974090278	-2.20369108520342	0.0278058844537993	0.032460086749916454	CD8+_T_Effector_Memory	-	6	T	G	-0.060784242630351	0.2308	3.898e-06	0.0130620759499057	Both	32676445.0	0.6052631578947368	0.3085	False	0.9635761589403974
rs9275534	AGER	-0.0030523023652246	-2.14053383072357	0.0325874904733846	0.035281273549886215	CD8+_T_Effector_Memory	-	6	C	T	-0.0607866840909533	0.2308	3.906e-06	0.013061163528796	Both	32675767.0	0.6086956521739131	0.3085	False	0.9635761589403974
rs9275571	AGER	-0.0030523023652246	-2.14053383072357	0.0325874904733846	0.035281273549886215	CD8+_T_Effector_Memory	-	6	T	G	-0.0607545114350762	0.2307	3.942e-06	0.0130612385737035	Both	32678847.0	0.6086956521739131	0.3085	False	0.9635761589403974
rs9275558	AGER	-0.0030523023652246	-2.14053383072357	0.0325874904733846	0.035281273549886215	CD8+_T_Effector_Memory	-	6	G	T	-0.060728885678307	0.2306	3.986e-06	0.0130614534325663	Both	32677427.0	0.6086956521739131	0.3085	False	0.9635761589403974
rs9273510	HLA-DMB	0.0066435985894466	2.45865313744707	0.0141386329918639	0.01876216700342129	CD8+_T_Effector_Memory	-	6	G	C	0.0701717	0.614357	3.34127e-06	0.0150995	Bian	32628474.0	1.2545454545454546	0.3287	False	0.9900662251655628
rs9273509	HLA-DMB	0.0066435985894466	2.45865313744707	0.0141386329918639	0.01876216700342129	CD8+_T_Effector_Memory	-	6	T	C	0.0701717	0.614357	3.34127e-06	0.0150995	Bian	32628473.0	1.2545454545454546	0.3279999999999999	False	0.9900662251655628
rs9272323	HLA-DMB	0.006005458176509	2.11852079409795	0.0344122647507323	0.03663663167378344	CD8+_T_Effector_Memory	-	6	C	T	0.0720903	0.357149	3.47011e-06	0.0155387	Bian	32604151.0	0.8173913043478261	0.3922	False	0.9900662251655628
rs28366264	RING1	0.0116866916994164	1.98484414562825	0.0474737270500474	0.047643883777825344	CD8+_T_Effector_Memory	+	6	T	A	0.100463	0.156528	3.44975e-06	0.0216534	Bian	32559674.0	0.3565217391304348	0.1683	False	0.9966887417218544
rs9275052	STK19	-0.0074559985706408	-3.30811834904327	0.0009775724660307	0.0021384397694421565	CD8+_T_Effector_Memory	+	6	G	A	-0.1048535838826529	0.593878	3.833e-06	0.0174405097092297	RBDSonly	32648156.0	1.5043478260869565	0.2418	False	0.9966887417218544
rs9275052	HLA-DOB	-0.0017713694965997	-2.20503421960667	0.0277111545685118	0.032460086749916454	CD8+_T_Effector_Memory	-	6	G	A	-0.1048535838826529	0.593878	3.833e-06	0.0174405097092297	RBDSonly	32648156.0	1.5043478260869565	0.2418	False	0.6721854304635762
rs9275052	PHF1	-0.0247173462645122	-2.26774855818349	0.0235876206425482	0.028967253420673227	CD8+_T_Effector_Memory	+	6	G	A	-0.1048535838826529	0.593878	3.833e-06	0.0174405097092297	RBDSonly	32648156.0	1.5043478260869565	0.2418	False	0.9966887417218544
