chr_GWAS	rs_id	A1	A2	BETA_GWAS	GWAS_AF	P_GWAS	SE	type	pos_hg19_GWAS	eQTLcohort_AF	KOREAN_MAF	leadSNP
6	rs9274551	C	T	0.0704744	0.616801	3.07063e-06	0.0151081	Bian	32634834.0	1.3391304347826087	0.3276	False
6	rs732162	G	A	0.0755708	0.326447	3.07891e-06	0.0162037	Bian	32394913.0	1.008695652173913	0.4669	True
10	rs7096926	C	T	0.1110974601564321	0.432071	3.12e-06	0.0177574008165773	RBDSonly	106618489.0	1.7739130434782608	0.1447	True
11	rs1938598	T	C	-0.0734561	0.241714	3.1338e-06	0.0157617	Bian	58413910.0	0.4608695652173913	0.2246	True
6	rs9274557	G	T	0.0704589	0.616363	3.14601e-06	0.0151209	Bian	32634887.0	1.3478260869565215	0.3294	False
6	rs9274555	C	T	0.0704553	0.616362	3.1497e-06	0.0151209	Bian	32634882.0	1.3478260869565215	0.3276	False
6	rs9274556	C	T	0.0704553	0.616362	3.1497e-06	0.0151209	Bian	32634883.0	1.3478260869565215	0.3279999999999999	False
6	rs607929	C	G	-0.0582575294183045	0.4514	3.285e-06	0.0116717416124077	Both	32586998.0	0.9043478260869564	0.485	False
6	rs9274596	G	T	0.0701984	0.613318	3.29582e-06	0.0150961	Bian	32635467.0	1.2608695652173914	0.3279999999999999	False
6	rs9275529	C	T	-0.0611498696331691	0.2311999999999999	3.299e-06	0.013063742824846	Both	32675430.0	0.6086956521739131	0.3085	False
6	rs7765189	G	A	-0.0630109	0.569887	3.31092e-06	0.0135529	Bian	163378291.0	1.1652173913043478	0.4362	False
6	rs9274594	C	T	0.0701678	0.613015	3.33355e-06	0.0150971	Bian	32635435.0	1.2869565217391303	0.3279999999999999	False
6	rs9273510	G	C	0.0701717	0.614357	3.34127e-06	0.0150995	Bian	32628474.0	1.2545454545454546	0.3287	False
6	rs9273509	T	C	0.0701717	0.614357	3.34127e-06	0.0150995	Bian	32628473.0	1.2545454545454546	0.3279999999999999	False
6	rs9260415	A	C	-0.0671922	0.504566	3.35511e-06	0.0144609	Bian	29919021.0	1.565217391304348	0.2060999999999999	False
6	rs796429679	T	C	0.070309	0.61576	3.3708e-06	0.0151349	Bian	32634103.0	1.3478260869565215	0.3288999999999999	False
6	rs9260417	G	T	-0.0668444	0.502391	3.442e-06	0.0144024	Bian	29919023.0	1.565217391304348	0.2060999999999999	False
6	rs28366264	T	A	0.100463	0.156528	3.44975e-06	0.0216534	Bian	32559674.0	0.3565217391304348	0.1683	False
6	rs9272323	C	T	0.0720903	0.357149	3.47011e-06	0.0155387	Bian	32604151.0	0.8173913043478261	0.3922	False
6	rs1130430	A	G	0.070152	0.611509	3.47341e-06	0.0151213	Bian	32629161.0	1.3478260869565215	0.3279999999999999	False
6	rs9274537	G	A	0.0700413	0.613369	3.48576e-06	0.0150998	Bian	32634655.0	1.350877192982456	0.3279999999999999	False
6	rs9274536	C	T	0.0699612	0.613394	3.57612e-06	0.0150997	Bian	32634634.0	1.350877192982456	0.3279999999999999	False
6	rs9275580	A	G	-0.0609273902412732	0.2308	3.622e-06	0.0130594493961898	Both	32679462.0	0.6086956521739131	0.3085	False
6	rs3020625	A	C	0.0698684	0.613266	3.7257e-06	0.0151074	Bian	32628835.0	1.3478260869565215	0.3287	False
6	rs2157333	T	C	0.0749355	0.326389	3.7258e-06	0.0162042	Bian	32392591.0	1.008695652173913	0.4672	False
11	rs11229555	G	T	-0.0730236	0.240573	3.74421e-06	0.0157933	Bian	58408687.0	0.4608695652173913	0.2242	False
6	rs281864453	C	G	0.0698404	0.613805	3.79354e-06	0.0151135	Bian	32628065.0	1.3478260869565215	0.3276	False
11	rs2276153	C	G	-0.0729852	0.240664	3.7972e-06	0.015795	Bian	58407740.0	0.4608695652173913	0.2235	False
6	rs3828806	C	T	0.0697595	0.614372	3.81747e-06	0.0151003	Bian	32636130.0	1.3478260869565215	0.3287	False
6	rs3828807	G	C	0.0697595	0.614372	3.81747e-06	0.0151003	Bian	32636131.0	1.3478260869565215	0.3283	False
6	rs9275052	G	A	-0.1048535838826529	0.593878	3.833e-06	0.0174405097092297	RBDSonly	32648156.0	1.5043478260869565	0.2418	False
11	rs7927966	C	T	-0.0729327	0.240365	3.83672e-06	0.0157909	Bian	58376276.0	0.4608695652173913	0.2253	False
6	rs3828811	T	G	0.0698085	0.617084	3.84256e-06	0.0151153	Bian	32636221.0	1.3478260869565215	0.3276	False
6	rs9275568	A	C	-0.0607875029534629	0.2307	3.882e-06	0.0130614733395692	Both	32678135.0	0.6086956521739131	0.3092	False
6	rs16896742	A	G	-0.0693614	0.364077	3.88555e-06	0.0150261	Bian	29922740.0	0.9652173913043478	0.4256	False
6	rs9275546	T	G	-0.060784242630351	0.2308	3.898e-06	0.0130620759499057	Both	32676445.0	0.6052631578947368	0.3085	False
6	rs9275534	C	T	-0.0607866840909533	0.2308	3.906e-06	0.013061163528796	Both	32675767.0	0.6086956521739131	0.3085	False
6	rs9275571	T	G	-0.0607545114350762	0.2307	3.942e-06	0.0130612385737035	Both	32678847.0	0.6086956521739131	0.3085	False
6	rs9273556	C	G	0.0697173	0.613458	3.95801e-06	0.0151157	Bian	32628953.0	1.3478260869565215	0.3276	False
6	rs9275558	G	T	-0.060728885678307	0.2306	3.986e-06	0.0130614534325663	Both	32677427.0	0.6086956521739131	0.3085	False
